order_id,customer_id,product_id,order_date,quantity,unit_price,payment_method,order_status
ORD-00001,CUST-00240,PROD-0035,2025-01-01,1,18.99,PayPal,Delivered
ORD-00002,CUST-00155,PROD-0047,2025-01-02,3,23.99,Debit Card,Delivered
ORD-00003,CUST-00016,PROD-0028,2025-01-02,1,9.99,Klarna,Delivered
ORD-00004,CUST-00402,PROD-0005,2025-01-03,1,129.00,Credit Card,Delivered
ORD-00005,CUST-00351,PROD-0023,2025-01-03,1,19.50,PayPal,Delivered
ORD-00006,CUST-00413,PROD-0026,2025-01-03,2,74.99,Debit Card,Delivered
ORD-00007,CUST-00234,PROD-0005,2025-01-03,3,129.00,Credit Card,Cancelled
ORD-00008,CUST-00074,PROD-0007,2025-01-03,2,89.99,Debit Card,Delivered
ORD-00009,CUST-00398,PROD-0041,2025-01-03,2,12.99,Klarna,Delivered
ORD-00010,,PROD-0021,2025-01-04,1,38.00,Credit Card,Delivered
ORD-00011,CUST-00224,PROD-0013,2025-01-04,1,18.50,PayPal,Delivered
ORD-00012,CUST-00497,PROD-0043,2025-01-04,1,34.99,Klarna,Delivered
ORD-00013,CUST-00287,PROD-0017,2025-01-04,1,55.00,Credit Card,Delivered
ORD-00014,CUST-00063,PROD-0040,2025-01-04,2,27.50,Gift Card,Delivered
ORD-00015,CUST-00043,PROD-0043,2025-01-04,1,34.99,Debit Card,Delivered
ORD-00016,CUST-00046,PROD-0024,2025-01-05,1,19.99,Debit Card,Delivered
ORD-00017,CUST-00419,PROD-0036,2025-01-05,1,11.50,Credit Card,Delivered
ORD-00018,CUST-00383,PROD-0046,2025-01-05,2,17.99,Klarna,Cancelled
ORD-01935,CUST-00451,PROD-0022,2025-12-23,2,12.99,Credit Card,Processing
ORD-00019,CUST-00444,PROD-0026,2025-01-05,2,74.99,PayPal,Delivered
ORD-00020,CUST-00382,PROD-0041,2025-01-05,2,12.99,Debit Card,Delivered
ORD-00021,CUST-00345,PROD-0013,2025-01-05,3,18.50,Debit Card,Refunded
ORD-00022,CUST-00023,PROD-0023,2025-01-06,1,19.50,Credit Card,Delivered
ORD-00023,CUST-00438,PROD-0050,2025-01-06,2,21.00,Debit Card,Cancelled
ORD-00024,CUST-00389,PROD-0046,2025-01-06,1,17.99,PayPal,Cancelled
ORD-00025,CUST-00452,PROD-0008,2025-01-07,3,94.99,Debit Card,Cancelled
ORD-00026,CUST-00217,PROD-0026,2025-01-07,2,74.99,Klarna,Cancelled
ORD-00027,CUST-00122,PROD-0001,2025-01-07,2,59.99,Debit Card,Cancelled
ORD-00028,CUST-00210,PROD-0006,2025-01-07,1,14.99,Apple Pay,Delivered
ORD-00029,CUST-00210,PROD-0016,2025-01-07,1,21.99,Debit Card,Delivered
ORD-00030,CUST-00421,PROD-0026,2025-01-07,1,74.99,PayPal,Cancelled
ORD-00031,CUST-00097,PROD-0026,2025-01-07,1,74.99,PayPal,Delivered
ORD-00032,CUST-00186,PROD-0048,2025-01-08,2,9.49,Credit Card,Delivered
ORD-00033,CUST-00090,PROD-0009,2025-01-08,1,32.50,Debit Card,Delivered
ORD-00034,CUST-00094,PROD-0035,2025-01-08,3,18.99,Credit Card,Delivered
ORD-00035,CUST-00093,PROD-0001,2025-01-09,1,59.99,Debit Card,Delivered
ORD-00036,CUST-00446,PROD-0046,2025-01-09,2,17.99,Apple Pay,Delivered
ORD-00037,CUST-00122,PROD-0023,2025-01-09,3,19.50,Debit Card,Delivered
ORD-00038,CUST-00068,PROD-0017,2025-01-10,1,55.00,Apple Pay,Delivered
ORD-00039,CUST-00224,PROD-0050,2025-01-10,2,21.00,Credit Card,Delivered
ORD-00040,CUST-00254,PROD-0045,2025-01-10,2,13.99,PayPal,Delivered
ORD-00041,CUST-00472,PROD-0042,2025-01-11,2,26.99,PayPal,Delivered
ORD-00042,CUST-00346,PROD-0024,2025-01-12,1,19.99,Debit Card,Delivered
ORD-00043,CUST-00330,PROD-0038,2025-01-12,1,34.99,Credit Card,Delivered
ORD-00044,CUST-00189,PROD-0043,2025-01-12,2,34.99,PayPal,Delivered
ORD-00045,CUST-00081,PROD-0036,2025-01-12,2,11.50,Debit Card,Cancelled
ORD-00046,CUST-00179,PROD-0025,2025-01-12,1,17.99,Credit Card,Refunded
ORD-00047,CUST-00267,PROD-0014,2025-01-13,2,179.00,PayPal,Delivered
ORD-00048,CUST-00382,PROD-0026,2025-01-13,1,74.99,PayPal,Delivered
ORD-00049,CUST-00452,PROD-0048,2025-01-13,1,9.49,Credit Card,Delivered
ORD-00050,CUST-00351,PROD-0041,2025-01-13,5,12.99,Klarna,Delivered
ORD-00051,CUST-00087,PROD-0018,2025-01-14,1,79.99,PayPal,Delivered
ORD-00052,CUST-00179,PROD-0046,2025-01-14,5,17.99,Klarna,Delivered
ORD-00053,CUST-00230,PROD-0048,2025-01-14,2,9.49,Apple Pay,Delivered
ORD-00054,CUST-00023,PROD-0048,2025-01-14,3,9.49,Credit Card,Delivered
ORD-00055,CUST-00291,PROD-0017,2025-01-15,1,55.00,Credit Card,Delivered
ORD-00056,CUST-00140,PROD-0004,2025-01-15,4,44.99,Klarna,Returned
ORD-00057,CUST-00189,PROD-0047,2025-01-16,2,23.99,PayPal,Delivered
ORD-00058,CUST-00362,PROD-0038,2025-01-16,1,34.99,Credit Card,Delivered
ORD-00059,CUST-00175,PROD-0008,2025-01-16,1,94.99,PayPal,Delivered
ORD-00060,CUST-00418,PROD-0026,2025-01-17,1,74.99,Debit Card,Delivered
ORD-00061,CUST-00310,PROD-0002,2025-01-17,1,24.99,Credit Card,Delivered
ORD-00062,CUST-00011,PROD-0016,2025-01-17,1,21.99,PayPal,Delivered
ORD-00063,CUST-00498,PROD-0017,2025-01-17,2,55.00,Debit Card,Delivered
ORD-00064,CUST-00421,PROD-0010,2025-01-17,-1,22.99,Credit Card,Delivered
ORD-00065,CUST-00185,PROD-0046,2025-01-17,1,17.99,Debit Card,Delivered
ORD-00066,CUST-00500,PROD-0032,2025-01-18,1,14.99,Debit Card,Delivered
ORD-00067,CUST-00174,PROD-0026,19-01-2025,2,74.99,Debit Card,Delivered
ORD-00068,CUST-00285,PROD-0038,2025-01-19,1,34.99,Apple Pay,Delivered
ORD-00069,CUST-00478,PROD-0046,2025-01-19,2,17.99,Credit Card,Delivered
ORD-00070,CUST-00366,PROD-0029,2035-01-19,1,13.49,Apple Pay,Cancelled
ORD-00071,CUST-00500,PROD-0010,2025-01-19,1,22.99,Debit Card,Refunded
ORD-00072,CUST-00344,PROD-0019,2025-01-20,1,24.00,Credit Card,Delivered
ORD-00073,CUST-00382,PROD-0026,2025-01-20,1,74.99,Credit Card,Delivered
ORD-00074,CUST-00120,PROD-0002,2025-01-20,3,24.99,Credit Card,Delivered
ORD-00075,CUST-00102,PROD-0033,2025-01-20,2,24.00,Debit Card,Delivered
ORD-00076,CUST-00402,PROD-0048,2025-01-20,1,9.49,PayPal,Cancelled
ORD-00077,CUST-00335,PROD-0007,2025-01-21,1,89.99,Credit Card,Delivered
ORD-00078,CUST-00047,PROD-0013,2025-01-21,1,18.50,PayPal,Delivered
ORD-00079,CUST-00389,PROD-0046,2025-01-21,1,17.99,Debit Card,Delivered
ORD-00080,CUST-00328,PROD-0043,2025-01-22,1,34.99,Debit Card,Delivered
ORD-00081,CUST-00039,PROD-0043,2025-01-22,5,34.99,Debit Card,Delivered
ORD-00082,CUST-00031,PROD-0046,2025-01-23,2,17.99,Credit Card,Delivered
ORD-00083,CUST-00050,PROD-0041,2025-01-24,1,12.99,PayPal,cancelled
ORD-00084,CUST-00121,PROD-0020,2025-01-24,1,89.00,Debit Card,Delivered
ORD-00085,CUST-00447,PROD-0029,2025-01-25,1,13.49,Credit Card,Delivered
ORD-00086,CUST-00189,PROD-0036,2025-01-25,2,11.50,Klarna,Cancelled
ORD-00087,CUST-00300,PROD-0008,2025-01-26,1,94.99,Debit Card,Delivered
ORD-00088,CUST-00405,PROD-0043,2025-01-26,1,34.99,Debit Card,DELIVERED
ORD-00089,CUST-00246,PROD-0035,2025-01-27,1,18.99,PayPal,Delivered
ORD-00090,CUST-00402,PROD-0004,2025-01-28,4,44.99,Debit Card,Delivered
ORD-00091,CUST-00317,PROD-0034,2025-01-28,1,29.99,Debit Card,Delivered
ORD-00092,CUST-00481,PROD-0026,2025-01-28,2,74.99,Apple Pay,Delivered
ORD-00093,CUST-00359,PROD-0043,2025-01-28,1,34.99,Gift Card,Delivered
ORD-00094,CUST-00050,PROD-0040,2025-01-28,2,27.50,Gift Card,Refunded
ORD-00095,CUST-00300,PROD-0007,2025-01-28,1,89.99,Credit Card,Delivered
ORD-01257,CUST-00138,PROD-0041,2025-09-30,3,12.99,Credit Card,Delivered
ORD-00096,CUST-00481,PROD-0048,2025-01-29,1,9.49,Apple Pay,Cancelled
ORD-00097,CUST-00445,PROD-0018,2025-01-29,1,79.99,Klarna,Delivered
ORD-00098,CUST-00156,PROD-0026,2025-01-29,4,74.99,Credit Card,Delivered
ORD-00099,CUST-00109,PROD-0049,2025-01-30,1,29.99,Credit Card,Cancelled
ORD-00100,CUST-00220,PROD-0046,2025-01-30,1,17.99,PayPal,Delivered
ORD-00101,CUST-00011,PROD-0030,2025-01-31,1,27.99,Debit Card,Delivered
ORD-00102,CUST-00179,PROD-0006,2025-01-31,2,14.99,PayPal,Delivered
ORD-00103,CUST-00051,PROD-0002,2025-01-31,3,24.99,Klarna,Delivered
ORD-00104,CUST-00312,PROD-0020,2025-01-31,2,89.00,Apple Pay,Delivered
ORD-00105,CUST-00105,PROD-0046,2025-02-01,1,17.99,Apple Pay,Delivered
ORD-00106,CUST-00447,PROD-0045,2025-02-01,1,13.99,Debit Card,delivered
ORD-00241,CUST-00498,PROD-0002,2025-03-08,1,24.99,Credit Card,Returned
ORD-00107,CUST-00193,PROD-0004,2025-02-01,1,44.99,PayPal,Delivered
ORD-00108,CUST-00300,PROD-0024,2025-02-01,1,19.99,Credit Card,Delivered
ORD-00109,CUST-00173,PROD-0002,03/02/2025,2,24.99,PayPal,Returned
ORD-00110,CUST-00287,PROD-0002,2025-02-04,1,24.99,Debit Card,Cancelled
ORD-00111,CUST-00196,PROD-0043,2025-02-04,1,34.99,Credit Card,Delivered
ORD-00112,CUST-00072,PROD-0013,2025-02-04,1,18.50,Apple Pay,Cancelled
ORD-00113,CUST-00234,PROD-0035,2025-02-04,1,18.99,Klarna,Returned
ORD-00114,CUST-00013,PROD-0039,2025-02-04,1,7.49,Credit Card,Delivered
ORD-00115,CUST-00074,PROD-0049,05/02/2025,1,29.99,Gift Card,Delivered
ORD-00116,CUST-00382,PROD-0038,2025-02-05,1,34.99,Klarna,Delivered
ORD-00117,CUST-00064,PROD-0041,2025-02-05,1,12.99,Credit Card,Delivered
ORD-00118,CUST-00300,PROD-0018,2025-02-06,1,79.99,PayPal,Refunded
ORD-00119,CUST-00072,PROD-0048,2025-02-06,1,9.49,Credit Card,Delivered
ORD-00120,CUST-00487,PROD-0022,2025-02-07,2,12.99,PayPal,Delivered
ORD-00121,CUST-00315,PROD-0001,2025-02-07,1,59.99,PayPal,Delivered
ORD-00122,CUST-00320,PROD-0013,2025-02-08,1,18.50,Klarna,Delivered
ORD-00123,CUST-00090,PROD-0012,2025-02-08,2,15.99,Credit Card,Cancelled
ORD-00124,CUST-00209,PROD-0025,2025-02-08,1,17.99,Apple Pay,Delivered
ORD-00125,CUST-00122,PROD-0002,2025-02-08,1,24.99,Credit Card,Returned
ORD-00126,CUST-00440,PROD-0043,2025-02-08,3,34.99,Debit Card,Delivered
ORD-00127,CUST-00163,PROD-0019,2025-02-08,4,24.00,Debit Card,Returned
ORD-00128,CUST-00197,PROD-0032,2025-02-09,1,14.99,Debit Card,Delivered
ORD-00129,CUST-00478,PROD-0050,2025-02-09,1,21.00,Debit Card,Delivered
ORD-00130,CUST-00030,PROD-0046,2025-02-09,1,17.99,Credit Card,Delivered
ORD-00131,CUST-00182,PROD-0001,2025-02-09,1,59.99,Klarna,Delivered
ORD-00132,CUST-00452,PROD-0041,2025-02-09,5,12.99,PayPal,Delivered
ORD-00133,CUST-00296,PROD-0047,2025-02-09,1,23.99,PayPal,Delivered
ORD-00134,CUST-00154,PROD-0041,2025-02-09,1,12.99,Credit Card,Delivered
ORD-00135,CUST-00332,PROD-0048,2025-02-10,1,9.49,Credit Card,Delivered
ORD-00136,CUST-00328,PROD-0039,2025-02-10,4,7.49,Credit Card,Delivered
ORD-00137,CUST-00268,PROD-0044,2025-02-10,3,42.00,Credit Card,Delivered
ORD-00138,CUST-00498,PROD-0025,2025-02-10,1,17.99,Credit Card,Delivered
ORD-00139,CUST-00378,PROD-0024,2025-02-11,2,19.99,Apple Pay,Delivered
ORD-00140,CUST-00188,PROD-0046,2025-02-11,1,17.99,Debit Card,Delivered
ORD-00141,CUST-00493,PROD-0040,2025-02-12,1,27.50,PayPal,Delivered
ORD-00142,CUST-00472,PROD-0046,2025-02-12,3,17.99,Credit Card,Delivered
ORD-00143,CUST-00126,PROD-0018,2025-02-12,1,79.99,Debit Card,Delivered
ORD-00144,CUST-00145,PROD-0039,2025-02-12,1,7.49,Debit Card,Cancelled
ORD-00145,CUST-00405,PROD-0001,2025-02-12,1,59.99,Credit Card,Delivered
ORD-00146,CUST-00122,PROD-0046,2025-02-13,2,17.99,Credit Card,Delivered
ORD-00147,CUST-00436,PROD-0023,2025-02-13,3,19.50,Debit Card,Delivered
ORD-00148,CUST-00493,PROD-0046,2025-02-13,2,17.99,PayPal,Delivered
ORD-00149,CUST-00404,PROD-0024,2025-02-13,1,19.99,Apple Pay,Delivered
ORD-00150,CUST-00133,PROD-0027,2025-02-14,1,99.00,Debit Card,Delivered
ORD-00151,CUST-00195,PROD-0035,2025-02-14,3,18.99,Debit Card,Delivered
ORD-00152,CUST-00020,PROD-0041,2025-02-14,2,12.99,Credit Card,Delivered
ORD-00153,CUST-00312,PROD-0046,2025-02-14,1,17.99,Credit Card,Delivered
ORD-00154,CUST-00092,PROD-0042,2025-02-14,2,26.99,Apple Pay,Refunded
ORD-00155,CUST-00302,PROD-0013,2025-02-14,1,18.50,Apple Pay,Delivered
ORD-00156,CUST-00396,PROD-0042,2025-02-15,2,26.99,Debit Card,Delivered
ORD-00157,CUST-00446,PROD-0021,2025-02-15,1,38.00,PayPal,Cancelled
ORD-00713,CUST-00323,PROD-0042,2025-06-17,1,26.99,Klarna,Delivered 
ORD-00158,CUST-00279,PROD-0047,2025-02-15,1,23.99,Debit Card,Delivered
ORD-00159,CUST-00054,PROD-0007,2025-02-16,1,89.99,Credit Card,Delivered
ORD-00160,CUST-00305,PROD-0018,2025-02-16,-1,79.99,Apple Pay,Delivered
ORD-00161,CUST-00415,PROD-0013,2025-02-17,4,18.50,Gift Card,Delivered
ORD-00162,CUST-00323,PROD-0017,2025-02-18,1,55.00,Apple Pay,Delivered
ORD-00163,CUST-00259,PROD-0017,2025-02-18,2,55.00,PayPal,Delivered
ORD-00164,CUST-00335,PROD-0044,2025-02-18,1,42.00,Credit Card,Delivered
ORD-00165,CUST-00370,PROD-0029,2025-02-18,1,13.49,Unknown,Delivered
ORD-00166,CUST-00126,PROD-0004,2025-02-18,1,44.99,Credit Card,Delivered
ORD-00167,CUST-00373,PROD-0006,2025-02-19,1,14.99,PayPal,Delivered
ORD-00168,CUST-00209,PROD-0035,2025-02-19,2,18.99,Debit Card,Delivered
ORD-00169,CUST-00455,PROD-0007,2025-02-20,1,89.99,Debit Card,Delivered
ORD-00170,CUST-00444,PROD-0003,2025-02-20,1,39.99,Debit Card,Delivered
ORD-00171,CUST-00223,PROD-0014,20-02-2025,1,179.00,PayPal,Delivered
ORD-00172,CUST-00155,PROD-0005,2025-02-20,1,129.00,Klarna,Delivered
ORD-00173,CUST-00478,PROD-0008,2025-02-20,2,94.99,PayPal,Delivered
ORD-00174,CUST-00190,PROD-0043,2025-02-21,1,34.99,Debit Card,Returned
ORD-00175,CUST-00209,PROD-0046,2025-02-21,3,17.99,Debit Card,Cancelled
ORD-00176,CUST-00030,PROD-0010,2025-02-21,1,22.99,Debit Card,Delivered
ORD-00177,CUST-00032,PROD-0043,2025-02-22,1,34.99,Credit Card,Delivered
ORD-00178,CUST-00244,PROD-0002,2025-02-22,2,24.99,Debit Card,Delivered
ORD-00179,CUST-00385,PROD-0038,2025-02-22,1,34.99,PayPal,Delivered
ORD-00180,CUST-00333,PROD-0002,2025-02-22,3,24.99,Bitcoin,Delivered
ORD-00181,CUST-00296,PROD-0043,2025-02-22,1,34.99,Debit Card,Cancelled
ORD-00182,CUST-00268,PROD-0045,2025-02-23,3,13.99,Gift Card,Delivered
ORD-00183,CUST-00436,PROD-0046,2025-02-23,1,17.99,Credit Card,Delivered
ORD-00184,CUST-00276,PROD-0046,2025-02-24,4,17.99,PayPal,Refunded
ORD-00185,CUST-00155,PROD-0038,2025-02-24,3,34.99,Klarna,Delivered
ORD-00186,CUST-00254,PROD-0029,2025-02-24,-1,13.49,Credit Card,Delivered
ORD-00187,CUST-00336,PROD-0093,2025-02-25,1,89.99,Credit Card,Delivered
ORD-00188,CUST-00092,PROD-0011,2025-02-25,1,64.00,Debit Card,Cancelled
ORD-00189,CUST-00444,PROD-0048,2025-02-25,1,9.49,Gift Card,Returned
ORD-00190,CUST-00400,PROD-0001,2025-02-25,2,59.99,Debit Card,Returned
ORD-00191,CUST-00254,PROD-0046,2025-02-25,1,17.99,Debit Card,Delivered
ORD-00192,CUST-00305,PROD-0041,31/04/2025,2,12.99,Debit Card,Delivered
ORD-00193,CUST-00377,PROD-0049,2025-02-26,2,29.99,Apple Pay,Refunded
ORD-00194,CUST-00186,PROD-0017,2025-02-26,1,55.00,Credit Card,Delivered
ORD-00195,CUST-00081,PROD-0027,2025-02-27,1,99.00,PayPal,Delivered
ORD-00196,CUST-00404,PROD-0040,2025-02-27,3,27.50,Gift Card,Delivered
ORD-00197,CUST-00382,PROD-0009,2025-02-27,3,32.50,Apple Pay,Delivered
ORD-00198,CUST-00362,PROD-0005,2025-02-27,1,129.00,PayPal,Delivered
ORD-00199,CUST-00446,PROD-0043,2025-02-27,3,34.99,PayPal,Delivered
ORD-00200,CUST-00174,PROD-0026,2025-02-27,2,74.99,Credit Card,Delivered
ORD-00201,CUST-00090,PROD-0023,2025-02-28,2,19.50,Gift Card,Delivered
ORD-00202,CUST-00048,PROD-0017,2025-02-28,1,55.00,Debit Card,Refunded
ORD-00203,CUST-00231,PROD-0021,2025-02-28,1,38.00,Credit Card,Delivered
ORD-00204,CUST-00244,PROD-0045,2025-03-01,2,13.99,Apple Pay,Delivered
ORD-00205,CUST-00219,PROD-0040,2025-03-01,1,27.50,Credit Card,Delivered
ORD-00206,CUST-00382,PROD-0026,2025-03-01,2,74.99,Debit Card,Delivered
ORD-00207,CUST-00350,PROD-0038,2025-03-01,1,34.99,Debit Card,Delivered
ORD-00208,CUST-00402,PROD-0022,2025-03-01,4,12.99,Debit Card,Delivered
ORD-00209,CUST-00130,PROD-0031,2025-03-02,1,8.99,Credit Card,Delivered
ORD-00210,CUST-00241,PROD-0043,2025-03-02,1,34.99,Debit Card,Delivered
ORD-00211,CUST-00078,PROD-0027,2025-03-02,1,99.00,Credit Card,Delivered
ORD-00212,CUST-00452,PROD-0040,2025-03-02,1,27.50,PayPal,Delivered
ORD-00213,CUST-00070,PROD-0014,2025-03-03,1,179.00,Debit Card,Delivered
ORD-00214,CUST-00214,PROD-0048,2025-03-03,2,9.49,Klarna,Delivered
ORD-00215,CUST-00188,PROD-0037,2025-03-03,1,16.99,PayPal,Delivered
ORD-00216,CUST-00474,PROD-0024,2025-03-03,1,19.99,Debit Card,Delivered
ORD-00217,CUST-00431,PROD-0045,2025-03-04,1,13.99,PayPal,Delivered
ORD-00218,CUST-00051,PROD-0032,2025-03-04,1,14.99,Debit Card,Delivered
ORD-00219,CUST-00196,PROD-0026,2025-03-04,3,74.99,Credit Card,Delivered
ORD-00220,CUST-00496,PROD-0041,2025-03-04,1,12.99,PayPal,Cancelled
ORD-00221,CUST-00154,PROD-0024,2025-03-04,1,19.99,Credit Card,Delivered
ORD-00222,CUST-00051,PROD-0025,2025-03-04,1,17.99,Credit Card,Cancelled
ORD-00223,CUST-00436,PROD-0048,2025-03-04,2,9.49,PayPal,Delivered
ORD-00224,CUST-00305,PROD-0002,2025-03-04,1,24.99,Credit Card,Delivered
ORD-00225,CUST-00383,PROD-0006,2025-03-05,1,14.99,PayPal,Returned
ORD-00226,CUST-00122,PROD-0046,2025-03-05,2,17.99,Debit Card,Delivered
ORD-00227,CUST-00242,PROD-0041,2025-03-05,4,12.99,Debit Card,Delivered
ORD-00228,CUST-00103,PROD-0026,2025-03-05,1,74.99,PayPal,Delivered
ORD-00997,CUST-00030,PROD-0017,2025-08-09,1,55.00,PayPal,Cancelled
ORD-00229,CUST-00189,PROD-0046,2025-03-06,1,17.99,Debit Card,Delivered
ORD-00230,,PROD-0013,2025-03-06,2,18.50,Debit Card,Delivered
ORD-00231,CUST-00481,PROD-0038,2025-03-06,1,34.99,Klarna,Delivered
ORD-00232,CUST-00156,PROD-0009,2025-03-06,1,32.50,PayPal,Delivered
ORD-00233,CUST-00201,PROD-0040,2025-03-07,1,27.50,Credit Card,Delivered
ORD-00234,CUST-00188,PROD-0017,2025-03-07,2,55.00,Debit Card,Delivered
ORD-00235,CUST-00177,PROD-0046,2025-03-07,1,17.99,Credit Card,Delivered
ORD-00236,CUST-00161,PROD-0048,2025-03-07,1,9.49,Debit Card,Delivered
ORD-00237,CUST-00011,PROD-0056,2025-03-07,1,13.99,Debit Card,Delivered
ORD-00238,CUST-00259,PROD-0026,2025-03-08,1,74.99,Klarna,Delivered
ORD-00239,CUST-00041,PROD-0007,08-03-2025,1,89.99,Credit Card,Cancelled
ORD-00240,CUST-00385,PROD-0007,2025-03-08,2,89.99,Credit Card,Delivered
ORD-00241,CUST-00498,PROD-0002,2025-03-08,1,24.99,Credit Card,Returned
ORD-00242,CUST-00239,PROD-0040,2025-03-08,1,27.50,Credit Card,Delivered
ORD-00243,CUST-00218,PROD-0018,09/03/2025,4,79.99,Gift Card,Delivered
ORD-00244,CUST-00067,PROD-0007,2025-03-09,5,89.99,Credit Card,Refunded
ORD-00245,CUST-00246,PROD-0040,2025-03-09,4,27.50,Debit Card,Delivered
ORD-00246,CUST-00461,PROD-0050,2025-03-10,2,21.00,Credit Card,Delivered
ORD-00247,CUST-00429,PROD-0046,2025-03-10,1,17.99,PayPal,Delivered
ORD-00248,CUST-00479,PROD-0021,2025-03-10,1,38.00,Debit Card,Delivered
ORD-00249,CUST-00401,PROD-0017,2025-03-10,1,55.00,PayPal,Delivered
ORD-00250,CUST-00090,PROD-0026,2025-03-10,1,74.99,Klarna,Delivered
ORD-00251,CUST-00127,PROD-0047,2025-03-10,1,23.99,PayPal,Cancelled
ORD-00252,CUST-00461,PROD-0048,2025-03-11,3,9.49,Credit Card,Delivered
ORD-00253,CUST-00328,PROD-0029,2025-03-11,2,13.49,Apple Pay,DELIVERED
ORD-00254,CUST-00234,PROD-0029,2025-03-11,5,13.49,Debit Card,Delivered
ORD-00255,CUST-00274,PROD-0045,2025-03-11,1,13.99,Apple Pay,Delivered
ORD-00256,CUST-00072,PROD-0005,2025-03-11,1,129.00,Debit Card,Delivered
ORD-00257,CUST-00147,PROD-0048,2025-03-11,5,9.49,Credit Card,Delivered
ORD-00258,CUST-00296,PROD-0007,11/03/2025,1,89.99,Credit Card,Cancelled
ORD-00259,CUST-00246,PROD-0044,2025-03-11,2,42.00,Credit Card,DELIVERED
ORD-00260,CUST-00007,PROD-0033,2025-03-11,1,24.00,Apple Pay,Delivered
ORD-00261,CUST-00091,PROD-0016,2025-03-11,1,21.99,PayPal,Delivered
ORD-00262,CUST-00071,PROD-0011,2025-03-12,1,64.00,Credit Card,Delivered
ORD-00263,CUST-00353,PROD-0018,2025-03-12,1,79.99,Debit Card,Delivered
ORD-00264,CUST-00126,PROD-0024,2025-03-12,1,19.99,Apple Pay,Delivered
ORD-00265,CUST-00404,PROD-0026,2025-03-12,1,74.99,Credit Card,Cancelled
ORD-00266,CUST-00195,PROD-0023,2025-03-12,2,19.50,Debit Card,Delivered
ORD-00267,CUST-00341,PROD-0008,2025-03-12,1,94.99,Credit Card,Delivered
ORD-00268,CUST-00452,PROD-0047,12-03-2025,5,23.99,Debit Card,Delivered
ORD-00269,CUST-00300,PROD-0041,2025-03-12,3,12.99,PayPal,Delivered
ORD-00270,CUST-00196,PROD-0047,12-03-2025,1,23.99,Debit Card,Delivered
ORD-00271,CUST-00472,PROD-0043,2025-03-12,1,34.99,PayPal,Delivered
ORD-00272,CUST-00180,PROD-0033,2025-03-13,1,24.00,Klarna,Refunded
ORD-00273,CUST-00332,PROD-0026,2025-03-13,3,74.99,Apple Pay,Delivered
ORD-00274,CUST-00154,PROD-0046,2025-03-13,1,17.99,Apple Pay,Delivered
ORD-00275,CUST-00385,PROD-0040,2025-03-13,2,27.50,Credit Card,Delivered
ORD-00276,CUST-00299,PROD-0035,2025-03-13,1,18.99,Apple Pay,Delivered
ORD-00277,CUST-00366,PROD-0048,2025-03-13,3,9.49,Debit Card,Delivered
ORD-01161,CUST-00353,PROD-0046,2025-09-11,2,17.99,Credit Card,Delivered
ORD-00278,CUST-00424,PROD-0012,2025-03-14,1,15.99,Credit Card,Delivered
ORD-00279,CUST-00042,PROD-0040,2025-03-14,5,27.50,Credit Card,Cancelled
ORD-00280,CUST-00391,PROD-0004,2025-03-14,2,44.99,Debit Card,Delivered
ORD-00281,CUST-00389,PROD-0026,15/03/2025,1,74.99,Debit Card,Returned
ORD-00282,CUST-00390,PROD-0035,2025-03-15,1,18.99,Debit Card,Delivered
ORD-00283,CUST-00049,PROD-0038,2025-06-31,2,34.99,Credit Card,Delivered
ORD-00284,CUST-00145,PROD-0046,2025-03-15,1,17.99,Apple Pay,Delivered
ORD-00285,CUST-00210,PROD-0024,2025-03-15,3,19.99,PayPal,Returned
ORD-00286,CUST-00265,PROD-0041,2025-03-16,1,12.99,Debit Card,Delivered
ORD-00287,CUST-00033,PROD-0043,2025-03-16,1,34.99,Klarna,Delivered
ORD-00288,CUST-00195,PROD-0026,2025-03-16,3,-74.99,PayPal,Delivered
ORD-00289,CUST-00130,PROD-0002,2025-03-16,1,24.99,Debit Card,Delivered
ORD-00290,CUST-00018,PROD-0046,2025-03-16,5,17.99,PayPal,Delivered
ORD-00291,CUST-00411,PROD-0040,2025-03-17,1,27.50,Credit Card,Delivered
ORD-00292,CUST-00444,PROD-0041,2025-03-17,1,12.99,PayPal,Delivered
ORD-00293,CUST-00371,PROD-0026,2025-03-17,2,74.99,Apple Pay,Delivered
ORD-00294,CUST-00259,PROD-0038,2025-03-18,3,34.99,Credit Card,Delivered
ORD-00295,CUST-00458,PROD-0046,2025-03-18,5,17.99,Credit Card,Delivered
ORD-00296,CUST-00497,PROD-0040,2025-03-19,1,27.50,Klarna,Delivered
ORD-00297,CUST-00049,PROD-0028,2025-03-19,1,9.99,Klarna,Delivered
ORD-00298,CUST-00421,PROD-0048,2025-03-19,2,9.49,Credit Card,Delivered
ORD-00299,CUST-00499,PROD-0001,2025-03-20,1,59.99,PayPal,Delivered
ORD-00300,CUST-00236,PROD-0022,2025-03-21,1,12.99,PayPal,Delivered
ORD-00301,CUST-00115,PROD-0004,2025-03-21,1,44.99,Credit Card,Refunded
ORD-00302,CUST-00437,PROD-0048,2025-03-21,1,9.49,PayPal,Returned
ORD-00303,CUST-00446,PROD-0040,2025-03-21,1,27.50,Debit Card,Delivered
ORD-00304,CUST-00204,PROD-0038,2025-03-21,1,34.99,Klarna,Delivered
ORD-00305,CUST-00335,PROD-0028,2025-03-22,2,9.99,Gift Card,Delivered
ORD-00306,CUST-00061,PROD-0048,2025-03-22,1,9.49,Apple Pay,Cancelled
ORD-00307,CUST-00366,PROD-0024,2025-03-23,1,19.99,Debit Card,Delivered
ORD-00308,CUST-00271,PROD-0026,23-03-2025,1,74.99,Credit Card,Delivered
ORD-00309,CUST-00052,PROD-0009,2025-03-25,2,32.50,Credit Card,Delivered
ORD-00310,CUST-00068,PROD-0038,2025-03-25,1,34.99,Debit Card,Delivered
ORD-00311,CUST-00234,PROD-0045,2025-03-25,1,13.99,Credit Card,Delivered
ORD-00312,CUST-00074,PROD-0048,2025-03-26,1,9.49,Credit Card,Delivered
ORD-00313,CUST-00384,PROD-0027,2025-03-26,2,99.00,Apple Pay,Delivered
ORD-00314,CUST-00179,PROD-0015,2025-03-26,2,84.99,PayPal,Refunded
ORD-00315,CUST-00262,PROD-0001,2025-03-26,3,59.99,Debit Card,Delivered
ORD-00316,CUST-00423,PROD-0048,2025-03-26,1,9.49,Debit Card,Delivered
ORD-00317,CUST-00379,PROD-0009,2025-03-27,1,32.50,Klarna,Cancelled
ORD-00318,CUST-00084,PROD-0044,2025-03-28,1,42.00,Credit Card,Delivered
ORD-00319,CUST-00478,PROD-0007,2025-03-28,5,89.99,Debit Card,Delivered
ORD-00320,CUST-00335,PROD-0024,2025-03-28,1,19.99,Credit Card,Delivered
ORD-00321,CUST-00209,PROD-0016,2025-03-28,2,21.99,Debit Card,Returned
ORD-00322,CUST-00154,PROD-0029,2025-03-28,3,13.49,PayPal,Delivered
ORD-00323,CUST-00390,PROD-0041,2025-03-29,2,12.99,Apple Pay,Returned
ORD-00324,CUST-00458,PROD-0029,2025-03-29,2,13.49,Debit Card,Cancelled
ORD-00325,CUST-00103,PROD-0046,2025-03-29,1,17.99,Credit Card,Delivered
ORD-01574,CUST-00142,PROD-0048,2025-11-13,4,9.49,Credit Card,Delivered
ORD-00326,CUST-00382,PROD-0049,2025-03-29,0,29.99,Credit Card,Delivered
ORD-00327,CUST-00970,PROD-0043,2025-03-29,2,34.99,Apple Pay,Delivered
ORD-00328,CUST-00054,PROD-0026,2025-03-30,3,74.99,Credit Card,Delivered
ORD-00329,CUST-00209,PROD-0021,2025-03-30,4,38.00,Credit Card,Delivered
ORD-00330,CUST-00243,PROD-0041,2025-03-30,1,12.99,Debit Card,Delivered
ORD-00331,CUST-00373,PROD-0041,2025-03-31,1,12.99,Credit Card,Delivered
ORD-00332,CUST-00073,PROD-0029,2025-03-31,4,13.49,PayPal,Delivered
ORD-00333,CUST-00497,PROD-0041,2025-03-31,1,12.99,PayPal,Delivered
ORD-00334,CUST-00423,PROD-0048,31/03/2025,2,9.49,PayPal,Delivered
ORD-00335,CUST-00041,PROD-0048,2025-03-31,2,9.49,Debit Card,Delivered
ORD-00336,CUST-00031,PROD-0024,2025-04-01,4,19.99,Credit Card,Delivered
ORD-00337,CUST-00382,PROD-0023,2025-04-01,1,19.50,Credit Card,Cancelled
ORD-00338,CUST-00218,PROD-0013,2025-04-01,1,18.50,Apple Pay,Delivered
ORD-00339,CUST-00421,PROD-0046,2025-04-01,1,17.99,PayPal,Delivered
ORD-00340,CUST-00029,PROD-0006,2025-04-01,2,14.99,Debit Card,Delivered
ORD-00341,CUST-00481,PROD-0033,2025-04-01,1,24.00,Debit Card,Delivered
ORD-00342,CUST-00112,PROD-0035,2025-04-01,1,18.99,PayPal,Delivered
ORD-00343,CUST-00173,PROD-0024,2025-04-02,2,19.99,PayPal,Delivered
ORD-00344,CUST-00350,PROD-0026,2025-04-02,1,74.99,Debit Card,Delivered
ORD-00345,CUST-00496,PROD-0031,2025-04-03,2,8.99,Debit Card,Delivered
ORD-00346,CUST-00139,PROD-0032,2025-04-03,1,14.99,Credit Card,Returned
ORD-00347,CUST-00196,PROD-0025,2025-04-03,2,17.99,PayPal,Delivered
ORD-00348,CUST-00446,PROD-0049,2025-04-03,2,29.99,Credit Card,Delivered
ORD-00349,CUST-00182,PROD-0017,2025-04-03,2,55.00,Credit Card,Delivered
ORD-00350,CUST-00057,PROD-0046,04-04-2025,1,17.99,Klarna,Delivered
ORD-00351,CUST-00160,PROD-0043,2025-04-04,1,34.99,Credit Card,Delivered
ORD-00352,CUST-00206,PROD-0029,2025-04-04,3,13.49,Apple Pay,Delivered
ORD-00353,CUST-00411,PROD-0043,2025-04-04,2,34.99,Credit Card,Delivered
ORD-00354,CUST-00184,PROD-0017,2025-04-04,1,55.00,Apple Pay,Cancelled
ORD-00355,CUST-00401,PROD-0041,2025-04-04,1,12.99,Credit Card,DELIVERED
ORD-00356,CUST-00412,PROD-0009,2025-04-04,1,32.50,Credit Card,Delivered
ORD-00357,CUST-00421,PROD-0005,2025-04-04,2,129.00,Apple Pay,Delivered
ORD-00358,CUST-00051,PROD-0009,2025-04-04,1,32.50,Credit Card,Delivered
ORD-00359,CUST-00446,PROD-0040,2025-04-05,2,27.50,Credit Card,Delivered
ORD-00360,CUST-00067,PROD-0039,2025-04-05,3,7.49,Debit Card,Returned
ORD-00361,CUST-00444,PROD-0038,2025-04-05,1,34.99,Debit Card,Delivered
ORD-00362,CUST-00405,PROD-0045,2025-04-05,2,13.99,Debit Card,Cancelled
ORD-00363,CUST-00445,PROD-0028,2025-04-05,5,9.99,Credit Card,Cancelled
ORD-00364,CUST-00247,PROD-0015,2025-04-06,5,84.99,Credit Card,Returned
ORD-00365,CUST-00472,PROD-0032,2025-04-07,1,14.99,Debit Card,Delivered
ORD-00366,CUST-00119,PROD-0022,2025-04-07,1,12.99,Debit Card,Delivered
ORD-00367,CUST-00149,PROD-0004,2025-04-07,2,44.99,Credit Card,Delivered
ORD-00885,CUST-00050,PROD-0005,2025-07-20,1,129.00,Credit Card,Delivered
ORD-00368,CUST-00366,PROD-0049,2025-04-07,2,29.99,PayPal,Delivered
ORD-00369,CUST-00408,PROD-0005,2025-04-07,1,129.00,Credit Card,Delivered
ORD-00370,CUST-00148,PROD-0048,2025-04-07,4,9.49,Apple Pay,Delivered
ORD-00371,CUST-00483,PROD-0033,07-04-2025,1,24.00,Credit Card,Delivered
ORD-00372,CUST-00350,PROD-0046,2025-04-07,1,17.99,Credit Card,Delivered
ORD-00373,CUST-00070,PROD-0014,2025-04-07,3,179.00,Credit Card,Delivered
ORD-00374,CUST-00174,PROD-0041,2025-04-08,1,12.99,PayPal,Delivered
ORD-00375,CUST-00070,PROD-0029,2025-04-08,1,13.49,Apple Pay,Delivered
ORD-00376,CUST-00214,PROD-0026,2025-04-08,1,74.99,Apple Pay ,Delivered
ORD-00377,CUST-00172,PROD-0031,2025-04-08,1,8.99,Debit Card,Delivered
ORD-00378,CUST-00108,PROD-0025,2025-04-08,1,17.99,Debit Card,Delivered
ORD-00379,CUST-00416,PROD-0041,2025-04-08,3,12.99,Credit Card,Cancelled
ORD-00380,CUST-00089,PROD-0023,2025-04-08,1,19.50,Debit Card,Delivered
ORD-00381,CUST-00031,PROD-0007,2025-04-09,1,89.99,Credit Card,Delivered
ORD-00382,CUST-00500,PROD-0007,2025-04-09,1,89.99,PayPal,Delivered
ORD-00383,CUST-00296,PROD-0013,2025-04-09,1,18.50,Credit Card,Refunded
ORD-00384,CUST-00404,PROD-0038,2025-04-09,1,34.99,Credit Card,Delivered
ORD-00385,CUST-00068,PROD-0007,2025-04-09,1,89.99,Credit Card,Delivered
ORD-00386,CUST-00402,PROD-0035,2025-04-09,2,18.99,Credit Card,Delivered
ORD-00387,CUST-00024,PROD-0046,2025-04-09,1,17.99,Credit Card,Delivered
ORD-00388,CUST-00478,PROD-0017,2025-04-10,1,55.00,Credit Card,Delivered
ORD-00389,CUST-00270,PROD-0047,2025-04-10,1,23.99,Apple Pay,Delivered
ORD-00390,CUST-00287,PROD-0041,2025-04-10,3,12.99,Credit Card,Delivered
ORD-00391,CUST-00185,PROD-0027,2025-04-10,0,99.00,Credit Card,Delivered
ORD-00392,CUST-00431,PROD-0016,2025-04-10,1,21.99,Debit Card,Delivered
ORD-00393,CUST-00404,PROD-0015,2025-04-10,2,84.99,Credit Card,Delivered
ORD-00546,CUST-00272,PROD-0043,2025-05-10,5,34.99,gift card,Delivered
ORD-00394,CUST-00367,PROD-0020,2025-04-11,3,89.00,Debit Card,Delivered
ORD-00395,CUST-00328,PROD-0043,2025-04-12,2,34.99,Credit Card,Delivered
ORD-00396,CUST-00157,PROD-0035,2025-04-13,4,18.99,Debit Card,Delivered
ORD-00397,CUST-00121,PROD-0021,2025-04-13,3,38.00,,Delivered
ORD-00398,CUST-00188,PROD-0043,2025-04-13,2,34.99,Debit Card,Delivered
ORD-00399,CUST-00033,PROD-0026,2025-04-13,1,74.99,Debit Card,Cancelled
ORD-00400,CUST-00362,PROD-0007,2025-04-13,1,89.99,Debit Card,Delivered
ORD-00401,CUST-00300,PROD-0013,2025-04-13,2,18.50,Apple Pay,Cancelled
ORD-00402,CUST-00149,PROD-0041,2025-04-14,1,12.99,Apple Pay,Returned
ORD-00403,CUST-00167,PROD-0043,2025-04-14,1,34.99,Debit Card,Cancelled
ORD-00404,CUST-00133,PROD-0012,2025-04-14,1,15.99,PayPal,Delivered
ORD-00405,CUST-00224,PROD-0017,2025-04-14,1,55.00,PayPal,Refunded
ORD-00406,CUST-00052,PROD-0040,2025-04-14,2,27.50,Apple Pay,Delivered
ORD-00407,CUST-00006,PROD-0027,2025-04-14,2,99.00,Apple Pay,Delivered
ORD-00408,CUST-00272,PROD-0011,2025-04-14,3,64.00,Credit Card,Delivered
ORD-00409,CUST-00344,PROD-0016,2025-04-14,3,21.99,PayPal,Delivered
ORD-00410,CUST-00052,PROD-0038,2025-04-15,1,34.99,Debit Card,Delivered
ORD-00411,CUST-00155,PROD-0035,2025-04-15,3,18.99,Apple Pay,Delivered
ORD-00412,CUST-00148,PROD-0004,2025-04-16,1,44.99,Klarna,Delivered
ORD-00413,CUST-00344,PROD-0043,2025-04-16,1,34.99,PayPal,Delivered
ORD-00414,CUST-00051,PROD-0015,2025-04-16,3,84.99,Debit Card,Delivered
ORD-00415,CUST-00402,PROD-0001,2025-04-16,5,59.99,PayPal,Delivered
ORD-00416,CUST-00483,PROD-0029,2025-04-17,1,13.49,Credit Card,Delivered
ORD-00417,CUST-00227,PROD-0004,2025-04-17,1,44.99,PayPal,Delivered
ORD-00418,CUST-00438,PROD-0002,2025-04-17,1,24.99, Debit Card,Delivered
ORD-00419,CUST-00351,PROD-0017,2025-04-18,2,55.00,Credit Card,Delivered
ORD-00420,CUST-00122,PROD-0037,2025-04-18,1,16.99,Klarna,Refunded
ORD-00421,CUST-00102,PROD-0006,2025-04-18,3,14.99,Debit Card,Delivered
ORD-00422,CUST-00332,PROD-0024,2025-04-18,4,19.99,,Delivered
ORD-00423,CUST-00391,PROD-0046,2025-04-18,2,17.99,Apple Pay,Delivered
ORD-00424,CUST-00272,PROD-0049,2025-04-19,1,29.99,Apple Pay,Delivered
ORD-00425,CUST-00267,PROD-0049,2025-04-19,1,29.99,Debit Card,Delivered
ORD-00426,CUST-00024,PROD-0013,2025-04-19,1,18.50,Debit Card,Delivered
ORD-00427,CUST-00071,PROD-0017,2025-04-19,1,55.00,PayPal,Delivered
ORD-00428,CUST-00026,PROD-0048,2025-04-19,1,9.49,Debit Card,Delivered
ORD-00429,CUST-00234,PROD-0025,20-04-2025,1,17.99,PayPal,Delivered
ORD-00430,CUST-00287,PROD-0048,2025-04-20,1,9.49,Debit Card,Delivered
ORD-00431,CUST-00404,PROD-0040,2025-04-20,1,27.50,Credit Card,Delivered
ORD-00432,CUST-00209,PROD-0050,2025-04-20,1,21.00,Credit Card,Delivered
ORD-00433,CUST-00481,PROD-0017,2025-04-20,3,55.00,Credit Card,Delivered
ORD-00434,CUST-00437,PROD-0041,2025-04-20,1,12.99,PayPal,Delivered
ORD-00435,CUST-00122,PROD-0001,2025-04-21,1,59.99,Credit Card,Delivered
ORD-00436,CUST-00223,PROD-0042,2025-04-21,1,26.99,Debit Card,Delivered
ORD-00437,CUST-00317,PROD-0041,2025-04-22,1,12.99,Apple Pay,Cancelled
ORD-00438,CUST-00182,PROD-0048,2025-04-22,1,9.49,Credit Card,Delivered
ORD-00439,CUST-00331,PROD-0044,2025-04-22,2,42.00,Credit Card,Delivered
ORD-00440,CUST-00051,PROD-0041,2025-04-22,1,12.99,Credit Card,Delivered
ORD-00441,CUST-00084,PROD-0045,22-04-2025,1,13.99,PayPal,Returned
ORD-00442,CUST-00090,PROD-0024,2025-04-22,3,19.99,Klarna,Delivered
ORD-00443,CUST-00328,PROD-0018,2025-04-23,3,79.99,Debit Card,Delivered
ORD-00444,CUST-00139,PROD-0021,2025-04-23,2,38.00,Credit Card,Delivered
ORD-00445,CUST-00236,PROD-0040,2025-04-23,1,27.50,Apple Pay,Delivered
ORD-00446,CUST-00180,PROD-0041,2025-04-23,1,12.99,Debit Card,Delivered
ORD-00447,CUST-00405,PROD-0046,2025-04-23,1,17.99,Apple Pay,Delivered
ORD-00448,CUST-00209,PROD-0006,2025-04-23,1,14.99,PayPal,Delivered
ORD-00449,CUST-00204,PROD-0048,2025-04-23,1,9.49,Credit Card,Delivered
ORD-00450,CUST-00406,PROD-0048,2025-04-24,2,9.49,Debit Card,Delivered
ORD-00451,CUST-00122,PROD-0048,2025-04-24,1,9.49,Debit Card,Delivered
ORD-00452,CUST-00053,PROD-0022,2025-04-24,1,12.99,Credit Card,Refunded
ORD-00453,CUST-00020,PROD-0013,2025-04-24,1,18.50,Gift Card, Delivered
ORD-00454,CUST-00014,PROD-0046,2025-04-24,1,17.99,PayPal,Delivered
ORD-00455,CUST-00122,PROD-0041,24/04/2025,2,12.99,Debit Card,Delivered
ORD-00456,CUST-00371,PROD-0009,2025-04-24,1,32.50,PayPal,Delivered
ORD-00457,CUST-00087,PROD-0049,2025-04-25,1,29.99,Credit Card,Delivered
ORD-00458,CUST-00366,PROD-0032,2025-04-25,3,14.99,Apple Pay,Delivered
ORD-00459,CUST-00161,PROD-0020,2025-04-25,1,89.00,Credit Card,Delivered
ORD-00460,CUST-00142,PROD-0026,2025-04-25,2,74.99,Debit Card,Delivered
ORD-00461,CUST-00196,PROD-0046,2025-04-25,1,17.99,Apple Pay,Delivered
ORD-00462,CUST-00073,PROD-0048,2025-04-25,1,9.49,Credit Card,Delivered
ORD-00463,,PROD-0046,2025-04-25,2,17.99,Klarna,Cancelled
ORD-00464,CUST-00414,PROD-0043,2025-04-25,1,34.99,Credit Card,Delivered
ORD-00465,CUST-00122,PROD-0036,2025-04-26,1,11.50,Credit Card,Returned
ORD-00466,CUST-00234,PROD-0028,2025-04-26,2,9.99,Debit Card,Refunded
ORD-00467,CUST-00115,PROD-0019,2025-04-26,1,24.00,Debit Card,Cancelled
ORD-00468,CUST-00110,PROD-0023,2025-04-26,2,19.50,PayPal,Delivered
ORD-00469,CUST-00030,PROD-0043,2025-04-26,1,34.99,Debit Card,Delivered
ORD-00470,CUST-00389,PROD-0044,2025-04-27,1,42.00,Apple Pay,Delivered
ORD-00471,CUST-00407,PROD-0011,2025-04-27,1,64.00,PayPal,Delivered
ORD-00472,CUST-00147,PROD-0017,2025-04-27,1,55.00,Credit Card,Delivered
ORD-00473,CUST-00115,PROD-0004,2025-04-27,5,44.99,Klarna,Delivered
ORD-00474,CUST-00087,PROD-0048,2025-04-27,5,9.49,PayPal,Delivered
ORD-00475,CUST-00116,PROD-0002,2025-04-27,1,24.99,credit card,Returned
ORD-00476,CUST-00401,PROD-0006,2025-04-28,1,14.99,PayPal,Delivered
ORD-00477,CUST-00453,PROD-0017,2025-04-28,1,55.00,PayPal,Delivered
ORD-00478,CUST-00120,PROD-0041,2025-04-28,1,12.99,Debit Card,Delivered
ORD-00479,CUST-00434,PROD-0032,2025-04-28,1,14.99,Credit Card,Delivered
ORD-00480,CUST-00357,PROD-0008,2025-04-28,1,94.99,PayPal,Refunded
ORD-00481,CUST-00008,PROD-0032,2025-04-28,1,14.99,Apple Pay,Returned
ORD-00482,CUST-00416,PROD-0016,2025-04-28,1,21.99,Klarna,Delivered
ORD-00483,CUST-00305,PROD-0033,2025-04-29,1,24.00,Debit Card,Delivered
ORD-00484,CUST-00008,PROD-0033,2025-04-29,1,24.00,,Delivered
ORD-00485,CUST-00219,PROD-0041,2025-04-29,1,12.99,,Delivered
ORD-00486,CUST-00096,PROD-0040,2025-04-29,1,27.50,Debit Card,Returned
ORD-00487,CUST-00444,PROD-0046,2025-04-30,1,17.99,Credit Card,Delivered
ORD-00488,CUST-00051,PROD-0009,2025-04-30,1,32.50,Credit Card,Delivered
ORD-00489,CUST-00396,PROD-0029,30-04-2025,2,13.49,PayPal,Delivered
ORD-00490,CUST-00412,PROD-0026,30-04-2025,1,74.99,Credit Card,Delivered
ORD-00491,CUST-00481,PROD-0048,2025-04-30,3,9.49,PayPal,Delivered
ORD-00492,CUST-00380,PROD-0048,2025-05-01,1,9.49,Credit Card,Delivered
ORD-00493,CUST-00220,PROD-0041,2025-05-01,1,12.99,Debit Card,Delivered
ORD-00494,CUST-00006,PROD-0020,2025-05-01,1,89.00,Credit Card,Delivered
ORD-00495,CUST-00093,PROD-0004,2025-05-01,1,44.99,PayPal,Delivered
ORD-00496,CUST-00444,PROD-0047,2025-05-02,1,23.99,Apple Pay,Delivered
ORD-00497,CUST-00412,PROD-0044,2025-05-02,5,42.00,Apple Pay,Delivered
ORD-00498,CUST-00271,PROD-0026,2025-05-02,2,74.99,PayPal,Delivered
ORD-00499,CUST-00423,PROD-0041,2025-05-02,2,12.99,Credit Card,Cancelled
ORD-00500,CUST-00404,PROD-0026,02-05-2025,1,74.99,Credit Card,Delivered
ORD-00501,CUST-00265,PROD-0027,2025-05-03,3,99.00,Credit Card,Returned
ORD-00502,CUST-00209,PROD-0048,2025-05-03,1,9.49,Gift Card,Delivered
ORD-00503,CUST-00404,PROD-0048,2025-05-03,2,9.49,Klarna,Cancelled
ORD-00504,CUST-00167,PROD-0033,2025-05-03,1,24.00,Apple Pay,Delivered
ORD-00505,CUST-00472,PROD-0035,2025-05-03,1,18.99,PayPal,Delivered
ORD-00506,CUST-00287,PROD-0032,2025-05-04,2,14.99,Credit Card,Delivered
ORD-00507,CUST-00404,PROD-0041,04/05/2025,1,12.99,Debit Card,Delivered
ORD-00508,CUST-00332,PROD-0008,2025-05-04,3,94.99,apple pay,Delivered
ORD-00509,CUST-00263,PROD-0046,2025-05-04,1,17.99,Debit Card,Delivered
ORD-00510,CUST-00253,PROD-0009,2025-05-04,1,32.50,Gift Card,Refunded
ORD-00511,CUST-00383,PROD-0048,2025-05-04,2,9.49,Credit Card,Delivered
ORD-00512,CUST-00305,PROD-0028,2025-05-04,3,9.99,Credit Card,Delivered
ORD-00513,CUST-00496,PROD-0043,2025-05-04,1,34.99,Apple Pay,Delivered
ORD-00514,CUST-00244,PROD-0046,2025-05-04,1,17.99,Debit Card,Delivered
ORD-00515,CUST-00357,PROD-0034,2025-05-05,1,29.99,Klarna,Delivered
ORD-00516,CUST-00500,PROD-0004,2025-05-05,1,44.99,Credit Card,Delivered
ORD-00517,CUST-00412,PROD-0033,2025-05-05,1,24.00,Credit Card,Delivered
ORD-00518,CUST-00416,PROD-0002,2025-05-05,2,24.99,PayPal,Delivered
ORD-00519,CUST-00415,PROD-0038,2025-05-05,1,34.99,Apple Pay,Delivered
ORD-00520,CUST-00479,PROD-0048,05/05/2025,1,9.49,PayPal,Delivered
ORD-00521,CUST-00121,PROD-0046,2025-05-06,2,17.99,PayPal,Delivered
ORD-00522,CUST-00300,PROD-0041,2025-05-06,1,12.99,PayPal,Delivered
ORD-00523,CUST-00019,PROD-0046,2025-05-06,1,17.99,Credit Card,Delivered
ORD-00524,CUST-00310,PROD-0037,2025-05-06,1,16.99,Debit Card,Delivered
ORD-00525,CUST-00444,PROD-0013,2025-05-06,1,18.50,Debit Card,Delivered
ORD-00526,CUST-00251,PROD-0013,2025-05-07,1,18.50,Credit Card,Delivered
ORD-00527,CUST-00336,PROD-0041,2025-05-07,3,12.99,Credit Card,Delivered
ORD-00528,CUST-00209,PROD-0033,2025-05-07,1,24.00,Debit Card,Delivered
ORD-00529,CUST-00437,PROD-0029,2025-05-07,1,13.49,Debit Card,Delivered
ORD-00530,CUST-00474,PROD-0005,2025-05-07,1,129.00,Apple Pay,Delivered
ORD-00531,CUST-00310,PROD-0017,2025-05-07,1,55.00,Credit Card,Delivered
ORD-00532,CUST-00137,PROD-0014,2025-05-07,1,179.00,,Delivered
ORD-00533,CUST-00175,PROD-0015,2025-05-07,1,84.99,Debit Card,Delivered
ORD-00534,CUST-00472,PROD-0048,2025-05-08,1,9.49,Credit Card,Delivered
ORD-00535,CUST-00190,PROD-0011,2025-05-08,1,64.00,Debit Card,Delivered
ORD-00536,CUST-00218,PROD-0038,2025-05-08,1,34.99,Debit Card,Delivered
ORD-00537,CUST-00051,PROD-0009,2025-05-08,1,32.50,Credit Card,Delivered
ORD-00538,CUST-00254,PROD-0017,09-05-2025,1,55.00,Credit Card,Delivered
ORD-00539,CUST-00404,PROD-0046,2025-05-09,4,17.99,Credit Card,Delivered
ORD-00540,CUST-00391,PROD-0046,2025-05-09,3,17.99,Gift Card,Delivered
ORD-00541,CUST-00112,PROD-0043,2025-05-10,2,34.99,Credit Card,Delivered
ORD-00542,CUST-00183,PROD-0014,2025-05-10,2,179.00,Klarna,Delivered
ORD-00543,CUST-00179,PROD-0011,2025-05-10,1,64.00,Debit Card,Delivered
ORD-00544,CUST-00356,PROD-0005,2025-05-10,1,129.00,Credit Card,Delivered
ORD-00545,CUST-00277,PROD-0026,2025-05-10,1,74.99,Credit Card,Delivered
ORD-00546,CUST-00272,PROD-0043,2025-05-10,5,34.99,Gift Card,Delivered
ORD-00547,CUST-00444,PROD-0040,2025-05-11,3,27.50,Apple Pay,Returned
ORD-00548,CUST-00323,PROD-0019,2025-05-11,1,24.00,Apple Pay,Cancelled
ORD-00549,CUST-00224,PROD-0032,2025-05-11,1,14.99,Apple Pay,Delivered
ORD-00550,CUST-00498,PROD-0029,2025-05-12,1,13.49,Debit Card,Refunded
ORD-00551,CUST-00127,PROD-0026,2025-05-12,1,74.99,Debit Card,Delivered
ORD-00552,CUST-00047,PROD-0040,2025-05-12,1,27.50,Credit Card,Delivered
ORD-00553,CUST-00184,PROD-0046,2025-05-13,1,17.99,PayPal,Delivered
ORD-00554,CUST-00174,PROD-0048,2025-05-13,2,9.49,PayPal,Delivered
ORD-00555,CUST-00182,PROD-0002,2025-05-13,3,24.99,Debit Card,Refunded
ORD-00556,CUST-00407,PROD-0003,2025-05-13,1,39.99,Apple Pay,Delivered
ORD-00557,CUST-00481,PROD-0026,2025-05-14,2,74.99,Credit Card,Refunded
ORD-00558,CUST-00087,PROD-0046,2025-05-14,2,17.99,Debit Card,Delivered
ORD-00559,CUST-00154,PROD-0032,2025-05-15,2,14.99,Credit Card,Delivered
ORD-00560,CUST-00317,PROD-0043,2025-05-15,3,34.99,Debit Card,Delivered
ORD-00561,CUST-00268,PROD-0048,2025-05-15,2,9.49,Credit Card,Cancelled
ORD-00562,CUST-00052,PROD-0040,2025-05-15,1,27.50,PayPal,Delivered
ORD-00563,CUST-00479,PROD-0007,2025-05-16,1,89.99,Debit Card,Delivered
ORD-00564,CUST-00227,PROD-0032,2025-05-16,1,14.99,Credit Card,Delivered
ORD-00565,CUST-00072,PROD-0009,2025-05-16,1,32.50,Debit Card,Delivered
ORD-00566,CUST-00254,PROD-0017,2025-05-16,1,55.00,Apple Pay,Delivered
ORD-00567,CUST-00072,PROD-0037,2025-05-17,1,16.99,Debit Card,Delivered
ORD-00568,CUST-00145,PROD-0029,2025-05-17,2,13.49,Debit Card,Delivered
ORD-00569,CUST-00105,PROD-0046,2025-05-17,2,17.99,PayPal,Delivered
ORD-00570,CUST-00431,PROD-0001,2025-05-18,1,59.99,PayPal,Delivered
ORD-00571,CUST-00078,PROD-0042,2025-05-18,2,26.99,Credit Card,Cancelled
ORD-00572,CUST-00161,PROD-0024,2025-05-19,2,19.99,Debit Card,Cancelled
ORD-00573,CUST-00219,PROD-0029,2025-05-19,2,13.49,Klarna,Delivered
ORD-00574,CUST-00390,PROD-0008,2025-05-19,1,94.99,Gift Card,Delivered
ORD-00575,CUST-00379,PROD-0005,2025-05-19,1,129.00,Credit Card,Cancelled
ORD-00576,CUST-00160,PROD-0025,2025-05-19,2,17.99,Apple Pay,Delivered
ORD-00577,CUST-00251,PROD-0026,2025-05-19,2,74.99,Credit Card,Delivered
ORD-00578,CUST-00023,PROD-0050,2025-05-20,3,21.00,Debit Card,Delivered
ORD-00579,CUST-00404,PROD-0040,2025-05-20,2,27.50,Credit Card,Delivered
ORD-00580,CUST-00223,PROD-0021,2025-05-20,1,38.00,Klarna,Cancelled
ORD-00581,CUST-00417,PROD-0025,2025-05-20,5,17.99,PayPal,Cancelled
ORD-00582,CUST-00437,PROD-0023,2025-05-20,1,19.50,Klarna,Delivered
ORD-00583,CUST-00251,PROD-0002,2025-05-20,1,24.99,Debit Card,Refunded
ORD-00584,CUST-00385,PROD-0024,2025-05-21,2,19.99,Credit Card,Delivered
ORD-00585,CUST-00398,PROD-0004,2025-05-21,5,44.99,Credit Card,Returned
ORD-00586,CUST-00209,PROD-0041,2025-05-21,1,12.99,Klarna,Delivered
ORD-00587,CUST-00372,PROD-0040,2025-05-21,2,27.50,PayPal,Delivered
ORD-00588,CUST-00402,PROD-0048,2025-05-21,1,9.49,Debit Card,Delivered
ORD-00589,CUST-00174,PROD-0002,2025-05-21,1,24.99,Klarna,Delivered
ORD-00590,CUST-00270,PROD-0039,2025-05-22,5,7.49,PayPal,Cancelled
ORD-00591,CUST-00187,PROD-0017,2025-05-22,2,55.00,Credit Card,Delivered
ORD-00592,CUST-00051,PROD-0038,2025-05-22,1,34.99,PayPal,Delivered
ORD-00593,CUST-00175,PROD-0043,2025-05-23,2,34.99,Apple Pay,Cancelled
ORD-00594,CUST-00428,PROD-0014,2025-05-23,1,179.00,PayPal,Cancelled
ORD-00595,CUST-00033,PROD-0040,2025-05-23,1,27.50,Debit Card,Delivered
ORD-00596,CUST-00460,PROD-0046,2025-05-24,0,17.99,Debit Card,Delivered
ORD-00597,CUST-00253,PROD-0026,2025-05-24,1,74.99,PayPal,Delivered
ORD-00598,CUST-00089,PROD-0046,2025-05-24,4,17.99,Credit Card,Cancelled
ORD-00599,CUST-00481,PROD-0013,2025-05-24,5,18.50,Credit Card,Delivered
ORD-00600,CUST-00351,PROD-0014,2025-05-24,1,179.00,Debit Card,Delivered
ORD-00601,CUST-00310,PROD-0024,2025-05-24,1,19.99,PayPal,Delivered
ORD-00602,CUST-00285,PROD-0040,2025-05-24,1,27.50,Klarna,Delivered
ORD-00603,CUST-00209,PROD-0018,2025-05-24,1,79.99,PayPal,Delivered
ORD-00604,CUST-00182,PROD-0032,2025-05-24,1,14.99,Debit Card,Returned
ORD-00605,CUST-00265,PROD-0009,2025-05-25,-1,32.50,PayPal,Delivered
ORD-00606,CUST-00425,PROD-0014,2025-05-25,1,179.00,Credit Card,Delivered
ORD-00607,CUST-00445,PROD-0029,2025-05-25,1,13.49,Debit Card,Delivered
ORD-00608,CUST-00140,PROD-0012,2025-05-25,1,15.99,PayPal,Refunded
ORD-00609,CUST-00409,PROD-0040,2025-05-25,1,27.50,Debit Card,Delivered
ORD-00610,CUST-00371,PROD-0037,2025-05-26,1,16.99,Apple Pay,Delivered
ORD-00611,CUST-00214,PROD-0023,2025-05-26,2,19.50,Apple Pay,Delivered
ORD-00612,CUST-00328,PROD-0024,2025-05-26,1,19.99,Credit Card,Delivered
ORD-00613,CUST-00178,PROD-0013,2025-05-26,1,18.50,PayPal,Delivered
ORD-00614,CUST-00240,PROD-0029,2025-05-27,3,13.49,Credit Card,Delivered
ORD-00615,CUST-00451,PROD-0035,2025-05-27,2,18.99,Credit Card,Delivered
ORD-00616,CUST-00190,PROD-0032,2025-05-27,4,14.99,PayPal,Delivered
ORD-00617,CUST-00115,PROD-0019,2025-05-27,2,24.00,Debit Card,Delivered
ORD-00618,CUST-00262,PROD-0041,2025-05-28,5,12.99,PayPal,Delivered
ORD-00619,CUST-00013,PROD-0013,2025-05-28,4,18.50,Credit Card,Delivered
ORD-00620,CUST-00209,PROD-0026,2025-05-28,1,74.99,PayPal,Delivered
ORD-00621,CUST-00092,PROD-0048,2025-05-29,3,9.49,Debit Card,Cancelled
ORD-00622,CUST-00122,PROD-0023,2025-05-29,1,19.50,Cheque,Delivered
ORD-00623,CUST-00481,PROD-0018,2025-05-29,3,79.99,PayPal,Delivered
ORD-00624,CUST-00451,PROD-0006,2025-05-29,1,14.99,Debit Card,Delivered
ORD-00625,CUST-00193,PROD-0048,2025-05-29,1,9.49,Debit Card,Delivered
ORD-00626,CUST-00007,PROD-0001,2025-05-30,1,59.99,Credit Card,Refunded
ORD-00627,CUST-00296,PROD-0013,2025-05-30,1,18.50,Debit Card,Returned
ORD-00628,CUST-00051,PROD-0046,2025-05-30,3,17.99,Bitcoin,Delivered
ORD-00629,CUST-00109,PROD-0036,2025-05-30,1,11.50,Credit Card,Cancelled
ORD-00630,CUST-00149,PROD-0035,2025-05-31,1,18.99,Debit Card,Delivered
ORD-00631,CUST-00272,PROD-0013,2025-05-31,1,18.50,Debit Card,Delivered
ORD-00632,CUST-00302,PROD-0048,2025-05-31,1,9.49, Debit Card,Delivered
ORD-00633,CUST-00287,PROD-0046,2025-06-01,2,17.99,Debit Card,Delivered
ORD-00634,CUST-00984,PROD-0047,2025-06-01,1,23.99,PayPal,Delivered
ORD-00635,CUST-00070,PROD-0002,2025-06-01,2,24.99,Credit Card,Delivered
ORD-00636,CUST-00416,PROD-0046,2025-06-01,1,17.99,Klarna,Delivered
ORD-00637,CUST-00234,PROD-0040,2025-06-01,1,27.50,PayPal,Refunded
ORD-00638,CUST-00350,PROD-0030,2025-06-01,1,27.99,Credit Card,Delivered
ORD-00639,CUST-00130,PROD-0026,2025-06-01,3,74.99,Debit Card,Delivered
ORD-00640,CUST-00409,PROD-0024,2025-06-02,1,19.99,PayPal,Delivered
ORD-00641,CUST-00412,PROD-0036,2025-06-02,1,11.50,Credit Card,Delivered
ORD-00642,CUST-00155,PROD-0012,2025-06-02,3,15.99,PayPal,Delivered
ORD-00643,CUST-00105,PROD-0046,2025-06-02,1,17.99,PayPal,Cancelled
ORD-00644,CUST-00115,PROD-0005,2025-06-02,1,129.00,PayPal,Delivered
ORD-00645,CUST-00186,PROD-0029,2025-06-03,3,13.49,Debit Card,Cancelled
ORD-00646,CUST-00157,PROD-0023,2025-06-03,1,19.50,PayPal,Delivered
ORD-00647,CUST-00127,PROD-0007,2025-06-03,4,89.99,Credit Card,Delivered
ORD-00648,CUST-00354,PROD-0046,2025-06-04,1,17.99,Credit Card,Cancelled
ORD-01359,CUST-00426,PROD-0026,2025-10-16,1,74.99,Debit Card,Refunded
ORD-00649,CUST-00481,PROD-0029,2025-06-04,1,13.49,Debit Card,Delivered
ORD-00650,CUST-00194,PROD-0017,2025-06-04,1,55.00,Credit Card,Delivered
ORD-00651,CUST-00404,PROD-0023,2025-06-04,1,19.50,Debit Card,Cancelled
ORD-00652,CUST-00444,PROD-0038,2025-06-05,3,34.99,Debit Card,Delivered
ORD-00653,CUST-00048,PROD-0043,2025-06-05,2,34.99,Debit Card,Delivered
ORD-00654,CUST-00121,PROD-0048,2025-06-05,1,9.49,Debit Card,Delivered
ORD-00492,CUST-00380,PROD-0048,2025-05-01,1,9.49,Credit Card,Delivered 
ORD-00655,CUST-00402,PROD-0003,2025-06-05,1,39.99,Debit Card,Delivered
ORD-00656,CUST-00209,PROD-0025,2025-06-05,3,17.99,Credit Card,Delivered
ORD-00657,CUST-00493,PROD-0046,2025-06-05,4,17.99,Apple Pay,Delivered
ORD-00658,CUST-00440,PROD-0049,2025-06-06,2,29.99,Credit Card,Delivered
ORD-00659,CUST-00355,PROD-0041,2025-06-06,1,12.99,PayPal,Delivered
ORD-00660,CUST-00021,PROD-0047,2025-06-06,1,23.99,Credit Card,Delivered
ORD-00661,CUST-00416,PROD-0029,2025-06-06,4,13.49,Debit Card,Delivered
ORD-00662,CUST-00264,PROD-0048,2025-06-06,1,9.49,Credit Card,Delivered 
ORD-00663,CUST-00090,PROD-0013,2025-06-07,2,18.50,Debit Card,Delivered
ORD-00664,CUST-00354,PROD-0028,2025-06-07,2,9.99,Debit Card,Delivered
ORD-00665,CUST-00348,PROD-0040,2025-06-07,2,27.50,Debit Card,Refunded
ORD-00666,CUST-00010,PROD-0043,2025-06-07,3,34.99,Credit Card,Delivered
ORD-00667,CUST-00409,PROD-0046,2025-06-08,2,17.99,Apple Pay,Delivered
ORD-00668,CUST-00416,PROD-0046,2025-06-08,1,17.99,Debit Card,Returned
ORD-00669,CUST-00123,PROD-0026,2025-06-09,1,74.99,Credit Card,Delivered
ORD-00670,CUST-00357,PROD-0006,2025-06-09,4,14.99,Credit Card,Delivered
ORD-00671,CUST-00014,PROD-0032,2025-06-09,1,14.99,PayPal,Delivered
ORD-00672,CUST-00417,PROD-0041,2025-06-09,1,12.99,Credit Card,Delivered
ORD-00673,CUST-00208,PROD-0040,2025-06-09,1,27.50,PayPal,Delivered
ORD-00674,CUST-00382,PROD-0032,2025-06-09,1,14.99,Debit Card,Delivered
ORD-00675,CUST-00432,PROD-0040,2025-06-09,3,27.50,Credit Card,Returned
ORD-00676,CUST-00030,PROD-0002,2025-06-09,1,24.99,Apple Pay,Delivered
ORD-00677,CUST-00344,PROD-0049,2025-06-09,4,29.99,PayPal,Delivered
ORD-00678,CUST-00447,PROD-0006,2025-06-10,1,14.99,,Delivered
ORD-00679,CUST-00498,PROD-0026,2025-06-10,3,74.99,Apple Pay,Delivered
ORD-00680,CUST-00259,PROD-0029,2025-06-10,1,13.49,PayPal,Delivered
ORD-00681,CUST-00030,PROD-0046,2025-06-10,3,17.99,PayPal,Delivered
ORD-00682,CUST-00124,PROD-0026,2025-06-10,3,74.99,Debit Card,Delivered
ORD-00683,CUST-00087,PROD-0046,2025-06-10,2,17.99,Klarna,Delivered
ORD-00684,CUST-00328,PROD-0047,2025-06-11,2,23.99,Apple Pay,Refunded
ORD-00685,CUST-00425,PROD-0014,2025-06-11,1,179.00,Credit Card,Delivered
ORD-00686,CUST-00187,PROD-0048,2025-06-12,1,9.49,PAYPAL,Returned
ORD-00687,CUST-00078,PROD-0041,2025-06-12,1,12.99,Debit Card,Delivered
ORD-00688,CUST-00402,PROD-0047,2025-06-12,2,23.99,Debit Card,Delivered
ORD-00689,CUST-00401,PROD-0040,2025-06-12,1,27.50,Debit Card,Delivered
ORD-00690,CUST-00357,PROD-0023,2025-06-12,5,19.50,Debit Card,Delivered
ORD-00691,CUST-00379,PROD-0041,2025-06-13,5,12.99,Apple Pay,Delivered
ORD-00692,CUST-00496,PROD-0001,2025-06-13,1,59.99,PayPal,Delivered
ORD-00693,CUST-00401,PROD-0027,2025-06-13,2,99.00,Credit Card,Delivered
ORD-00694,CUST-00170,PROD-0016,2025-06-14,2,21.99,Debit Card,Delivered
ORD-00695,CUST-00356,PROD-0009,2025-06-14,2,32.50,Debit Card,Delivered
ORD-00696,CUST-00127,PROD-0017,2025-06-14,1,55.00,Debit Card,Delivered
ORD-00697,CUST-00197,PROD-0005,2025-06-14,1,129.00,Debit Card,Delivered
ORD-00698,CUST-00209,PROD-0013,2025-06-14,2,18.50,Credit Card,Delivered
ORD-00699,CUST-00214,PROD-0007,2025-06-14,2,89.99,Debit Card,Refunded
ORD-00700,CUST-00464,PROD-0046,2025-06-15,5,17.99,Debit Card,Delivered
ORD-00701,CUST-00472,PROD-0040,2025-06-15,1,27.50,PayPal,Delivered
ORD-00702,CUST-00187,PROD-0008,2025-06-15,5,94.99,PayPal,Delivered
ORD-00703,CUST-00160,PROD-0043,2025-06-16,1,34.99,Debit Card,Delivered
ORD-00704,CUST-00320,PROD-0002,2025-06-16,3,24.99,Debit Card,Delivered
ORD-00705,CUST-00305,PROD-0043,2025-06-16,3,34.99,Credit Card,Delivered
ORD-00706,CUST-00201,PROD-0020,2025-06-16,1,89.00,Credit Card,Delivered
ORD-00707,CUST-00122,PROD-0043,2025-06-16,1,34.99,PayPal,Delivered
ORD-00708,CUST-00425,PROD-0031,2025-06-16,3,8.99,Apple Pay,Delivered
ORD-00709,CUST-00390,PROD-0004,2025-06-16,1,44.99,Gift Card,Delivered
ORD-00710,CUST-00345,PROD-0008,2025-06-17,2,94.99,Credit Card,Delivered
ORD-00711,CUST-00265,PROD-0025,2025-06-17,1,17.99,Debit Card,Delivered
ORD-00712,CUST-00377,PROD-0016,2025-06-17,1,21.99,PayPal,Delivered
ORD-00713,CUST-00323,PROD-0042,2025-06-17,1,26.99,Klarna,Delivered
ORD-01939,CUST-00205,PROD-0009,2025-12-24,1,32.50,Klarna,Delivered
ORD-00714,CUST-00099,PROD-0017,2025-06-17,2,55.00,PayPal,Delivered
ORD-00715,CUST-00033,PROD-0040,2025-06-17,4,27.50,Klarna,Delivered
ORD-00716,CUST-00272,PROD-0026,2025-06-18,5,74.99,PayPal,Refunded
ORD-00717,CUST-00189,PROD-0043,2025-06-18,1,34.99,PayPal,Cancelled
ORD-00718,CUST-00096,PROD-0046,2025-06-18,1,17.99,PayPal,Delivered
ORD-00719,CUST-00285,PROD-0046,2025-06-18,4,17.99,Credit Card,Delivered
ORD-00720,CUST-00259,PROD-0043,2025-06-18,3,34.99,Debit Card,Delivered
ORD-00721,CUST-00148,PROD-0048,2025-06-18,5,9.49,Debit Card,Delivered
ORD-00722,CUST-00445,PROD-0001,19-06-2025,1,59.99,Credit Card,Delivered
ORD-00723,CUST-00032,PROD-0018,2025-06-19,1,79.99,Credit Card,Delivered
ORD-00724,CUST-00366,PROD-0043,2025-06-19,1,34.99,Credit Card,Delivered
ORD-00725,CUST-00028,PROD-0024,2025-06-20,3,19.99,Debit Card,Cancelled
ORD-00726,CUST-00074,PROD-0040,2025-06-20,1,27.50,Debit Card,Delivered
ORD-00727,CUST-00254,PROD-0011,2025-06-20,1,64.00,Credit Card,Delivered
ORD-00728,CUST-00170,PROD-0002,2025-06-21,2,24.99,PayPal,Delivered
ORD-00729,CUST-00286,PROD-0046,2025-06-21,3,17.99,Debit Card,Delivered
ORD-00730,CUST-00154,PROD-0043,2025-06-21,1,34.99,Credit Card,Delivered
ORD-00731,CUST-00103,PROD-0033,2025-06-21,2,24.00,Apple Pay,Delivered
ORD-00732,CUST-00160,PROD-0026,2025-06-21,3,74.99,Apple Pay,Delivered
ORD-00733,CUST-00187,PROD-0043,2025-06-21,1,34.99,Debit Card,Delivered
ORD-00734,CUST-00170,PROD-0006,2025-06-22,1,14.99,Credit Card,Cancelled
ORD-00735,CUST-00121,PROD-0023,2025-06-22,4,19.50,Credit Card,Delivered
ORD-00736,CUST-00106,PROD-0002,2025-06-22,1,24.99,Debit Card,Delivered
ORD-00737,CUST-00081,PROD-0046,2025-06-22,1,17.99,Klarna,Delivered
ORD-00738,CUST-00412,PROD-0012,2025-06-22,2,15.99,Credit Card,Delivered
ORD-00739,CUST-00483,PROD-0023,2025-06-22,1,19.50,Credit Card,Delivered
ORD-00740,CUST-00209,PROD-0008,2025-06-22,4,94.99,Debit Card,Delivered
ORD-00741,CUST-00034,PROD-0023,22-06-2025,1,19.50,Debit Card,Delivered
ORD-00742,CUST-00024,PROD-0021,2025-06-23,1,38.00,Klarna,Delivered
ORD-00743,CUST-00051,PROD-0040,2025-06-23,1,27.50,Debit Card,Delivered
ORD-00744,CUST-00483,PROD-0038,2025-06-23,3,34.99,Credit Card,Delivered
ORD-00745,CUST-00296,PROD-0047,2025-06-23,1,23.99,PayPal,Delivered
ORD-00746,CUST-00196,PROD-0024,2025-06-23,5,19.99,Gift Card,Returned
ORD-00747,CUST-00404,PROD-0046,2025-06-24,2,17.99,PayPal,Delivered
ORD-00748,CUST-00259,PROD-0028,2025-06-24,1,9.99,Credit Card,Delivered
ORD-00749,CUST-00426,PROD-0041,2025-06-24,1,12.99,Credit Card,Delivered
ORD-00750,CUST-00019,PROD-0044,2025-06-24,1,42.00,PayPal,Delivered
ORD-00751,CUST-00105,PROD-0009,2025-06-24,1,32.50,Credit Card,Cancelled
ORD-00752,CUST-00076,PROD-0050,2025-06-24,1,21.00,Debit Card,Delivered 
ORD-00753,CUST-00006,PROD-0029,2025-06-24,1,13.49,Credit Card,Delivered
ORD-00754,CUST-00497,PROD-0009,2025-06-24,3,32.50,Credit Card,Delivered
ORD-00755,CUST-00197,PROD-0009,2025-06-25,2,32.50,PayPal,Delivered
ORD-00756,CUST-00011,PROD-0017,2025-06-25,1,55.00,Debit Card,Delivered
ORD-00757,CUST-00193,PROD-0001,2025-06-25,1,59.99,PayPal,Refunded
ORD-00758,CUST-00300,PROD-0005,2025-06-25,1,129.00,PayPal,Delivered
ORD-00759,CUST-00484,PROD-0035,2025-06-25,1,18.99,Credit Card,Refunded
ORD-00760,CUST-00430,PROD-0005,2025-06-25,1,129.00,PayPal,Delivered
ORD-00761,CUST-00443,PROD-0021,2025-06-25,2,38.00,Credit Card,Delivered
ORD-00762,CUST-00331,PROD-0009,2025-06-25,1,32.50,Apple Pay,Delivered
ORD-00763,CUST-00138,PROD-0043,2035-06-25,3,34.99,Apple Pay,Delivered
ORD-00764,CUST-00422,PROD-0002,2025-06-26,1,24.99,Gift Card,Delivered
ORD-00765,CUST-00407,PROD-0005,2025-06-26,2,129.00,Apple Pay,Delivered
ORD-00766,CUST-00258,PROD-0002,2025-06-26,1,24.99,Credit Card,Delivered
ORD-00767,CUST-00092,PROD-0034,2025-06-26,3,29.99,PayPal,Delivered
ORD-00768,CUST-00250,PROD-0038,2025-06-27,500,34.99,Credit Card,Delivered
ORD-00769,CUST-00090,PROD-0017,27/06/2025,5,55.00,Apple Pay,Delivered
ORD-00770,CUST-00170,PROD-0025,2025-06-27,3,17.99,PayPal,Delivered
ORD-00771,CUST-00300,PROD-0006,2025-06-27,2,14.99,PayPal,Cancelled
ORD-00772,CUST-00209,PROD-0022,2025-06-28,3,12.99,Credit Card,Delivered
ORD-00773,CUST-00197,PROD-0016,2025-06-29,1,21.99,Debit Card,Delivered
ORD-00774,CUST-00492,PROD-0043,2025-06-29,1,34.99,Credit Card,Delivered
ORD-00775,CUST-00209,PROD-0001,2025-06-29,1,59.99,PayPal,Returned
ORD-00776,CUST-00445,PROD-0019,30-06-2025,1,24.00,Klarna,Delivered
ORD-00777,CUST-00161,PROD-0002,2025-06-30,2,24.99,Apple Pay,Refunded
ORD-00778,CUST-00194,PROD-0046,2025-06-30,1,17.99,Klarna,Delivered
ORD-00779,CUST-00382,PROD-0043,2025-06-30,1,34.99,PayPal,Delivered
ORD-00780,CUST-00241,PROD-0035,2025-06-30,1,18.99,Credit Card,Refunded
ORD-00781,CUST-00449,PROD-0046,2025-07-01,1,17.99,Debit Card,Delivered
ORD-00782,CUST-00412,PROD-0048,2025-07-01,2,9.49,Apple Pay,Delivered
ORD-00783,CUST-00196,PROD-0043,2025-07-01,3,34.99,PayPal,Delivered
ORD-00784,CUST-00182,PROD-0046,2025-07-01,2,17.99,Debit Card,Cancelled
ORD-00785,CUST-00330,PROD-0039,2025-07-01,1,7.49,PayPal,Delivered
ORD-00786,CUST-00032,PROD-0018,2025-07-02,1,79.99,Gift Card,Returned
ORD-00787,CUST-00074,PROD-0008,2025-07-02,1,94.99,Debit Card,Delivered
ORD-00788,CUST-00218,PROD-0001,2025-07-03,1,59.99,PayPal,Delivered
ORD-00789,CUST-00404,PROD-0008,2025-07-03,4,94.99,Apple Pay,Delivered
ORD-00790,CUST-00014,PROD-0031,2025-07-03,2,8.99,PayPal,Delivered
ORD-00791,CUST-00357,PROD-0046,2025-07-03,2,17.99,Debit Card,Delivered
ORD-00792,CUST-00157,PROD-0003,2025-07-03,1,39.99,PayPal,Delivered
ORD-00793,CUST-00179,PROD-0018,2025-07-03,1,79.99,Debit Card,Cancelled
ORD-00794,CUST-00106,PROD-0009,2025-07-04,1,32.50,PayPal,Delivered
ORD-00795,CUST-00445,PROD-0008,2025-07-04,1,94.99,Debit Card,Delivered
ORD-00796,CUST-00056,PROD-0033,2025-07-04,3,24.00,Debit Card,Delivered
ORD-00797,CUST-00483,PROD-0040,04/07/2025,1,27.50,Credit Card,Delivered
ORD-00798,CUST-00073,PROD-0046,2025-07-04,1,17.99,Debit Card,Refunded
ORD-01239,CUST-00207,PROD-0043,2025-09-28,1,34.99,Debit Card,Delivered 
ORD-00799,CUST-00285,PROD-0041,2025-07-04,5,12.99,Credit Card,Delivered
ORD-00800,CUST-00406,PROD-0046,2025-07-04,1,17.99,Credit Card,Delivered
ORD-00801,CUST-00154,PROD-0018,2025-07-04,2,79.99,Apple Pay,Delivered
ORD-00802,CUST-00472,PROD-0012,2025-07-05,1,15.99,Debit Card,Delivered
ORD-00803,CUST-00365,PROD-0025,2025-07-05,1,17.99,Klarna,Returned
ORD-00804,CUST-00481,PROD-0018,2025-07-05,1,79.99,Debit Card,Delivered
ORD-00805,CUST-00019,PROD-0029,2025-07-05,1,13.49,Credit Card,Delivered
ORD-00806,CUST-00443,PROD-0045,2025-07-05,1,13.99,PayPal,Cancelled
ORD-00807,CUST-00068,PROD-0026,2025-07-06,4,74.99,PayPal,Delivered
ORD-00808,CUST-00219,PROD-0026,2025-07-06,1,74.99,Apple Pay,Delivered
ORD-00809,CUST-00267,PROD-0021,2025-07-06,1,38.00,Debit Card,Delivered
ORD-00810,CUST-00404,PROD-0041,2025-07-06,2,12.99,PayPal,Refunded
ORD-00811,CUST-00170,PROD-0040,2025-07-06,1,27.50,Debit Card,Delivered
ORD-00812,CUST-00115,PROD-0049,2025-07-06,5,29.99,Debit Card,Delivered
ORD-00813,CUST-00415,PROD-0009,2025-07-06,1,32.50,PayPal,Delivered
ORD-00814,CUST-00007,PROD-0029,2025-07-07,1,13.49,Debit Card,Delivered
ORD-00815,CUST-00023,PROD-0014,2025-07-07,1,179.00,Debit Card,Delivered
ORD-00816,CUST-00404,PROD-0025,2025-07-07,3,17.99,Debit Card,Delivered
ORD-00817,CUST-00001,PROD-0039,2025-07-07,1,7.49,DEBIT CARD,Delivered
ORD-00818,CUST-00416,PROD-0014,2025-07-07,2,179.00,PayPal,Delivered
ORD-00819,CUST-00328,PROD-0049,2025-07-08,2,29.99,Debit Card,Delivered
ORD-00820,CUST-00227,PROD-0048,2025-07-08,1,9.49,Credit Card,Returned
ORD-00821,CUST-00251,PROD-0001,2025-07-08,2,59.99,PayPal,Delivered
ORD-00822,CUST-00961,PROD-0026,2025-07-08,4,74.99,PayPal,Delivered
ORD-00823,CUST-00451,PROD-0040,2025-07-09,1,27.50,Credit Card,Delivered
ORD-00824,CUST-00078,PROD-0035,2025-07-09,1,18.99,PayPal,Delivered
ORD-00825,CUST-00129,PROD-0043,2025-07-09,2,34.99,PayPal,Delivered
ORD-00826,CUST-00031,PROD-0016,2025-07-09,2,21.99,PayPal,Delivered
ORD-00827,CUST-00383,PROD-0040,2025-07-10,1,27.50,Debit Card,Delivered
ORD-00828,CUST-00031,PROD-0041,2025-07-10,1,12.99,Credit Card,Delivered
ORD-00829,CUST-00367,PROD-0041,2025-07-10,2,12.99,Credit Card,Delivered
ORD-00830,CUST-00385,PROD-0026,2025-07-10,2,74.99,Debit Card,Delivered
ORD-00831,CUST-00916,PROD-0023,2025-07-10,1,19.50,Debit Card,Delivered
ORD-00832,CUST-00404,PROD-0048,2025-07-11,1,9.49,Debit Card,Delivered
ORD-00833,CUST-00124,PROD-0046,2025-07-11,2,17.99,Credit Card,Delivered
ORD-00834,CUST-00279,PROD-0020,2025-07-11,1,89.00,PayPal,Delivered
ORD-00835,CUST-00429,PROD-0048,2025-07-11,2,9.49,Debit Card,Delivered
ORD-00836,CUST-00066,PROD-0041,2025-07-11,1,12.99,Debit Card,Returned
ORD-00837,CUST-00250,PROD-0024,2025-07-11,1,19.99,Credit Card,Delivered
ORD-00838,CUST-00030,PROD-0041,2025-07-11,2,12.99,Credit Card,Delivered
ORD-00839,CUST-00375,PROD-0012,2025-07-11,2,15.99,Debit Card,Returned
ORD-00840,CUST-00436,PROD-0048,2025-07-12,3,9.49,Credit Card,Delivered
ORD-00841,CUST-00051,PROD-0003,2025-07-12,3,39.99,Debit Card,Delivered
ORD-00842,CUST-00483,PROD-0017,2025-07-12,1,55.00,Credit Card,Delivered
ORD-00843,CUST-00423,PROD-0040,2025-07-12,1,27.50,PayPal,Delivered
ORD-00844,CUST-00033,PROD-0046,2025-07-12,2,17.99,Credit Card,Cancelled
ORD-00845,CUST-00234,PROD-0044,2025-07-12,1,42.00,Credit Card,Delivered
ORD-00846,CUST-00234,PROD-0026,2025-07-12,2,74.99,Debit Card,Delivered
ORD-00847,CUST-00209,PROD-0020,2025-07-12,3,89.00,Debit Card,Delivered
ORD-00848,CUST-00022,PROD-0026,2025-07-12,3,74.99,PayPal,Delivered
ORD-00849,CUST-00304,PROD-0008,2025-07-13,1,94.99,PayPal,Delivered
ORD-00850,CUST-00449,PROD-0027,2025-07-13,2,99.00,Apple Pay,Delivered
ORD-00851,CUST-00048,PROD-0005,2025-07-13,5,129.00,Credit Card,Delivered
ORD-00852,CUST-00483,PROD-0003,2025-07-13,1,39.99,Apple Pay,Refunded
ORD-00853,CUST-00221,PROD-0026,2025-07-13,1,74.99,Credit Card,Delivered
ORD-00854,CUST-00431,PROD-0042,2025-07-13,1,26.99,Apple Pay,Delivered
ORD-00675,CUST-00432,PROD-0040,2025-06-09,3,27.50,Credit Card,Returned
ORD-00855,CUST-00323,PROD-0001,2025-07-14,2,59.99,Gift Card,Delivered
ORD-00856,CUST-00300,PROD-0041,2025-07-14,1,12.99,Credit Card,Refunded
ORD-00857,CUST-00029,PROD-0010,2025-07-15,1,22.99,Debit Card,Delivered
ORD-00858,CUST-00078,PROD-0023,2025-07-15,1,19.50,Debit Card,Delivered
ORD-00859,CUST-00133,PROD-0041,2025-07-15,1,12.99,Credit Card,Delivered
ORD-00860,CUST-00352,PROD-0027,2025-07-15,1,99.00,Credit Card,Delivered
ORD-00861,CUST-00115,PROD-0020,2025-07-15,1,89.00,PayPal,Returned
ORD-00862,CUST-00138,PROD-0017,2025-07-15,1,55.00,Credit Card,Delivered
ORD-00863,CUST-00404,PROD-0022,2025-07-16,1,12.99,PayPal,Delivered
ORD-00864,CUST-00368,PROD-0022,2025-07-16,1,12.99,Credit Card,Refunded
ORD-00865,CUST-00372,PROD-0043,2025-07-16,3,34.99,Credit Card,Delivered
ORD-00866,CUST-00065,PROD-0026,2025-07-16,1,74.99,Credit Card,Delivered
ORD-00867,CUST-00462,PROD-0041,2025-07-16,4,12.99,PayPal,Delivered
ORD-00868,CUST-00393,PROD-0048,2025-07-16,2,9.49,Credit Card,Delivered
ORD-00869,CUST-00377,PROD-0046,2025-07-16,5,17.99,Credit Card,Delivered
ORD-00870,CUST-00372,PROD-0026,2025-07-17,1,74.99,Debit Card,Delivered
ORD-00871,CUST-00258,PROD-0007,2025-07-17,1,89.99,,Delivered
ORD-00872,CUST-00478,PROD-0037,2025-07-17,1,16.99,Apple Pay,Delivered
ORD-00873,CUST-00190,PROD-0036,2025-07-17,1,11.50,Credit Card,Delivered
ORD-00874,CUST-00443,PROD-0029,2025-07-17,1,13.49,Credit Card,Delivered
ORD-00875,CUST-00137,PROD-0003,2025-07-18,1,39.99,Credit Card,Delivered
ORD-00876,CUST-00253,PROD-0032,19/07/2025,2,14.99,Apple Pay,Refunded
ORD-00877,CUST-00014,PROD-0045,2025-07-19,2,13.99,PayPal,Delivered
ORD-00878,CUST-00127,PROD-0013,2025-07-19,1,18.50,Klarna,Delivered
ORD-00879,CUST-00421,PROD-0030,2025-07-19,1,27.99,Credit Card,Delivered
ORD-00880,CUST-00497,PROD-0003,2025-07-19,1,39.99,Credit Card,Delivered
ORD-00881,CUST-00023,PROD-0016,2025-07-19,1,21.99,Credit Card,Delivered
ORD-00882,CUST-00465,PROD-0050,2025-07-19,1,21.00,PayPal,Delivered
ORD-00883,CUST-00077,PROD-0050,2025-07-20,1,21.00,Debit Card,Delivered
ORD-00884,CUST-00391,PROD-0026,2025-07-20,1,74.99,Debit Card,Delivered
ORD-00885,CUST-00050,PROD-0005,2025-07-20,1,129.00,Credit Card,Delivered
ORD-00886,CUST-00421,PROD-0001,2025-07-20,1,59.99,PayPal,Delivered
ORD-00887,CUST-00149,PROD-0001,2025-07-20,1,59.99,Credit Card,Delivered
ORD-00888,CUST-00102,PROD-0046,2025-07-20,2,17.99,PayPal,Delivered
ORD-00889,CUST-00138,PROD-0046,2025-07-21,1,17.99,Gift Card,Delivered
ORD-00890,CUST-00431,PROD-0050,2025-07-21,2,21.00,Credit Card,Delivered
ORD-00891,CUST-00429,PROD-0025,2025-07-22,1,17.99,Debit Card,Delivered
ORD-00892,CUST-00284,PROD-0041,2025-07-22,1,12.99,Apple Pay,Refunded
ORD-00893,CUST-00284,PROD-0023,22-07-2025,1,19.50,Debit Card,Delivered
ORD-00894,CUST-00440,PROD-0006,2025-07-23,1,14.99,PayPal,Refunded
ORD-00895,CUST-00273,PROD-0048,2025-07-23,2,9.49,Debit Card,Delivered
ORD-00896,CUST-00496,PROD-0005,2025-07-23,,129.00,Debit Card,Delivered
ORD-00897,CUST-00498,PROD-0038,2025-07-23,4,34.99,Debit Card,Delivered
ORD-00898,CUST-00135,PROD-0049,2025-07-23,1,29.99,Debit Card,Delivered
ORD-00899,CUST-00402,PROD-0038,2025-07-23,2,34.99,Credit Card,Delivered
ORD-00900,CUST-00472,PROD-0026,2025-07-24,250,74.99,Debit Card,Delivered
ORD-00901,CUST-00064,PROD-0009,2025-07-24,1,32.50,Apple Pay,Delivered
ORD-00902,CUST-00268,PROD-0017,2025-07-24,1,55.00,Credit Card,Delivered
ORD-00903,CUST-00317,PROD-0027,2025-07-24,1,99.00,PayPal,Delivered
ORD-00904,CUST-00284,PROD-0028,2025-07-24,3,9.99,Apple Pay,Delivered
ORD-00905,CUST-00493,PROD-0026,2025-07-24,1,74.99,Debit Card,Delivered
ORD-00906,CUST-00241,PROD-0046,2025-07-25,1,17.99,PayPal,Delivered
ORD-00907,CUST-00083,PROD-0024,2025-07-25,1,19.99,Credit Card,Delivered
ORD-00908,CUST-00336,PROD-0047,25-07-2025,4,23.99,Credit Card,Delivered
ORD-00909,CUST-00437,PROD-0041,2025-07-25,2,12.99,Debit Card,Cancelled
ORD-00910,CUST-00247,PROD-0023,2025-07-26,2,19.50,Credit Card,Delivered
ORD-00911,CUST-00129,PROD-0033,2025-07-26,3,24.00,Credit Card,Delivered
ORD-00912,CUST-00209,PROD-0005,2025-07-27,2,129.00,Debit Card,Cancelled
ORD-00913,CUST-00328,PROD-0018,2025-07-27,4,79.99,PayPal,Delivered
ORD-00914,CUST-00385,PROD-0009,2025-07-27,1,32.50,Credit Card,Returned
ORD-00915,CUST-00158,PROD-0016,2025-07-27,5,21.99,Debit Card,Delivered
ORD-00916,CUST-00317,PROD-0041,2025-07-28,1,12.99,Credit Card,Delivered
ORD-00917,CUST-00184,PROD-0018,28/07/2025,5,79.99,Credit Card,Delivered
ORD-00918,CUST-00052,PROD-0009,2025-07-28,1,32.50,Debit Card,Cancelled
ORD-00919,CUST-00401,PROD-0027,2025-07-28,1,99.00,PayPal,Delivered
ORD-00920,CUST-00402,PROD-0041,2025-07-28,1,12.99,Debit Card,Delivered
ORD-00921,CUST-00421,PROD-0036,2025-07-28,2,11.50,Apple Pay,Delivered
ORD-00922,CUST-00175,PROD-0046,2025-07-29,3,17.99,Credit Card,Delivered
ORD-00923,CUST-00267,PROD-0032,2025-07-29,1,14.99,PayPal,Delivered
ORD-00924,CUST-00495,PROD-0038,2025-07-29,1,34.99,Credit Card,Refunded
ORD-00925,CUST-00451,PROD-0043,2025-07-29,1,34.99,Apple Pay,Delivered
ORD-00926,CUST-00184,PROD-0004,2025-07-29,1,44.99,Klarna,Delivered
ORD-00927,CUST-00251,PROD-0004,2025-07-29,5,44.99,Klarna,Cancelled
ORD-00928,CUST-00443,PROD-0003,2025-07-29,1,39.99,Debit Card,Delivered
ORD-00929,CUST-00227,PROD-0014,2025-07-30,3,179.00,Gift Card,Delivered
ORD-00930,CUST-00305,PROD-0019,2025-07-30,2,24.00,Debit Card,Returned
ORD-00931,CUST-00209,PROD-0044,2025-07-30,1,42.00,Apple Pay,Delivered
ORD-00932,CUST-00350,PROD-0024,2025-07-31,2,19.99,Debit Card,Cancelled
ORD-00933,CUST-00178,PROD-0020,2025-07-31,5,89.00,Credit Card,Delivered
ORD-00934,CUST-00436,PROD-0026,31-07-2025,1,74.99,Debit Card,Delivered
ORD-00935,CUST-00117,PROD-0017,2025-07-31,1,55.00,PayPal, Delivered
ORD-00936,CUST-00402,PROD-0022,2025-07-31,3,12.99,Credit Card,Complete
ORD-00937,CUST-00090,PROD-0048,2025-07-31,1,9.49,Apple Pay,Delivered
ORD-00938,CUST-00444,PROD-0044,2025-07-31,2,42.00,Credit Card,Delivered
ORD-00939,CUST-00444,PROD-0042,2025-07-31,2,26.99,Debit Card,Delivered
ORD-00940,CUST-00134,PROD-0024,2025-07-31,2,19.99,Credit Card,Cancelled
ORD-00941,CUST-00483,PROD-0049,2025-08-01,,29.99,Debit Card,Delivered
ORD-00942,CUST-00056,PROD-0042,2025-08-01,1,26.99,Debit Card,Delivered
ORD-00943,CUST-00366,PROD-0038,2025-08-01,1,34.99,Credit Card,Cancelled
ORD-00944,CUST-00132,PROD-0024,2025-08-01,1,19.99,PayPal,Delivered
ORD-00945,CUST-00287,PROD-0017,2025-08-01,1,55.00,Credit Card,Delivered
ORD-00946,CUST-00490,PROD-0041,01/08/2025,2,12.99,Credit Card,Delivered
ORD-00947,CUST-00059,PROD-0045,2025-08-01,1,13.99,Unknown,Delivered
ORD-00948,CUST-00081,PROD-0009,2025-08-01,1,32.50,Credit Card,Cancelled
ORD-00949,CUST-00425,PROD-0018,2025-08-01,1,79.99,PayPal,Delivered
ORD-00950,CUST-00041,PROD-0032,2025-08-01,1,14.99,Apple Pay,Refunded
ORD-00951,CUST-00328,PROD-0046,2025-08-01,1,17.99,Apple Pay,Delivered
ORD-00952,,PROD-0046,2025-08-02,4,17.99,Debit Card,Delivered
ORD-00953,CUST-00298,PROD-0002,2025-08-02,1,24.99,Apple Pay,Delivered
ORD-00954,CUST-00230,PROD-0031,2025-08-02,3,8.99,Debit Card,Delivered
ORD-00955,CUST-00350,PROD-0018,2025-08-02,1,79.99,CREDIT CARD,Delivered
ORD-00956,CUST-00248,PROD-0038,2025-08-02,1,34.99,Credit Card,Delivered
ORD-00957,CUST-00300,PROD-0041,2025-08-03,1,12.99,Debit Card,Returned
ORD-00958,CUST-00422,PROD-0047,2025-08-03,3,23.99,PayPal,Delivered
ORD-00959,CUST-00040,PROD-0040,2025-08-03,1,27.50,PayPal,Delivered
ORD-00960,CUST-00096,PROD-0038,2025-08-03,3,34.99,PayPal,Delivered
ORD-00961,CUST-00492,PROD-0007,2025-08-03,1,89.99,Credit Card,Delivered
ORD-00962,CUST-00417,PROD-0017,2025-08-04,3,55.00,Debit Card,Refunded
ORD-00963,CUST-00141,PROD-0088,2025-08-04,2,13.99,Debit Card,Delivered
ORD-00964,CUST-00284,PROD-0040,2025-08-04,1,27.50,Apple Pay,Delivered
ORD-00965,CUST-00549,PROD-0035,2025-08-04,2,18.99,Credit Card,Delivered
ORD-00966,CUST-00024,PROD-0017,2025-08-04,4,55.00,Apple Pay,Delivered
ORD-00967,CUST-00381,PROD-0008,2025-08-04,2,94.99,Debit Card,Returned
ORD-00968,CUST-00024,PROD-0046,2025-08-04,1,17.99,Credit Card,Delivered
ORD-00969,CUST-00165,PROD-0016,2025-08-04,3,21.99,Debit Card,Delivered
ORD-00970,CUST-00217,PROD-0035,2025-08-05,2,18.99,PayPal,Delivered
ORD-00971,CUST-00051,PROD-0035,2025-08-05,2,18.99,PayPal,Delivered
ORD-00972,CUST-00195,PROD-0050,2025-08-05,1,21.00,Credit Card,Delivered
ORD-00973,CUST-00329,PROD-0035,2025-08-05,0,18.99,Credit Card,Refunded
ORD-00974,CUST-00301,PROD-0046,2025-08-05,2,17.99,PayPal,Delivered
ORD-00975,CUST-00409,PROD-0046,2025-08-06,1,17.99,Debit Card,Delivered
ORD-00976,CUST-00238,PROD-0021,2025-08-06,1,38.00,Debit Card,Delivered
ORD-00977,CUST-00320,PROD-0039,2025-08-06,120,7.49,PayPal,Refunded
ORD-00978,CUST-00240,PROD-0048,2025-08-06,1,9.49,Apple Pay,Delivered
ORD-00979,CUST-00106,PROD-0040,2025-08-06,1,27.50,Credit Card,Delivered
ORD-00980,CUST-00051,PROD-0017,2025-08-06,2,55.00,Apple Pay,Delivered
ORD-00981,CUST-00023,PROD-0045,2025-08-07,2,13.99,Debit Card,Delivered
ORD-00982,CUST-00240,PROD-0041,2025-08-07,2,12.99,Debit Card,Delivered
ORD-00983,CUST-00083,PROD-0028,2025-08-07,4,9.99,Credit Card,Delivered
ORD-00984,CUST-00199,PROD-0017,2025-08-07,2,55.00,PayPal,Delivered
ORD-00985,CUST-00487,PROD-0022,2025-08-08,1,12.99,Credit Card,Delivered
ORD-00986,CUST-00240,PROD-0005,2025-08-08,1,129.00,Credit Card,Delivered
ORD-00987,CUST-00279,PROD-0018,2025-08-08,1,79.99,Debit Card,Delivered
ORD-00988,CUST-00332,PROD-0034,2025-08-08,1,29.99,Credit Card,Delivered
ORD-00989,CUST-00093,PROD-0046,2025-08-08,1,17.99,Debit Card,Delivered
ORD-00990,CUST-00247,PROD-0041,2025-08-08,1,12.99,Debit Card,Delivered
ORD-00805,CUST-00019,PROD-0029,2025-07-05,1,13.49,Credit Card,Delivered
ORD-00991,CUST-00472,PROD-0046,2025-08-09,1,17.99,Debit Card,Delivered
ORD-00992,CUST-00087,PROD-0008,2025-08-09,1,94.99,PayPal,Delivered
ORD-00993,CUST-00394,PROD-0002,2025-08-09,1,24.99,Credit Card,Delivered
ORD-00994,CUST-00379,PROD-0031,2025-08-09,4,8.99,Apple Pay,Delivered
ORD-00021,CUST-00345,PROD-0013,2025-01-05,3,18.50,Debit Card,Refunded 
ORD-00995,CUST-00096,PROD-0037,2025-08-09,1,16.99,Credit Card,Delivered
ORD-00996,CUST-00344,PROD-0046,2025-08-09,1,17.99,Apple Pay,Cancelled
ORD-00997,CUST-00030,PROD-0017,2025-08-09,1,55.00,PayPal,Cancelled
ORD-00998,CUST-00073,PROD-0036,2025-08-10,1,11.50,Debit Card,Returned
ORD-00999,CUST-00129,PROD-0040,2025-08-10,4,27.50,Debit Card,Delivered
ORD-01000,CUST-00072,PROD-0001,2025-08-10,4,59.99,Debit Card,Delivered
ORD-01001,CUST-00300,PROD-0007,2025-08-10,1,89.99,Apple Pay,Delivered
ORD-01002,CUST-00040,PROD-0031,2025-08-11,1,8.99,Credit Card,Delivered
ORD-01003,CUST-00141,PROD-0049,2025-08-11,1,29.99,Credit Card,Delivered
ORD-01004,CUST-00426,PROD-0036,2025-08-11,1,11.50,PayPal,Delivered
ORD-01005,CUST-00278,PROD-0016,2025-08-11,1,21.99,Credit Card,Delivered
ORD-01006,CUST-00302,PROD-0048,2025-08-11,1,9.49,Apple Pay,Delivered
ORD-01007,CUST-00330,PROD-0001,2025-08-11,1,59.99,Apple Pay,Delivered
ORD-01008,CUST-00493,PROD-0038,2025-08-12,3,34.99,Debit Card,Delivered
ORD-01009,CUST-00415,PROD-0004,2025-08-12,1,44.99,PayPal,Delivered
ORD-01010,CUST-00499,PROD-0050,2025-08-12,1,21.00,PayPal,Delivered
ORD-01011,CUST-00483,PROD-0009,2025-08-12,1,32.50,Gift Card,Returned
ORD-01012,CUST-00287,PROD-0026,2025-08-12,1,74.99,Credit Card,Cancelled
ORD-01013,CUST-00201,PROD-0041,2025-08-12,1,12.99,Klarna,Delivered
ORD-01014,CUST-00117,PROD-0026,2025-08-13,1,74.99,Apple Pay,Delivered
ORD-01015,CUST-00217,PROD-0027,2025-08-13,2,99.00,Credit Card,Delivered
ORD-01016,CUST-00487,PROD-0001,2025-08-13,2,59.99,Credit Card,Delivered
ORD-01017,CUST-00165,PROD-0039,2025-08-13,1,7.49,Debit Card,Delivered
ORD-01018,CUST-00188,PROD-0029,2025-08-13,3,13.49,PayPal,Delivered
ORD-01019,CUST-00199,PROD-0002,2025-08-13,1,24.99,PayPal,Returned
ORD-01160,CUST-00077,PROD-0029,2025-09-10,1,13.49,PayPal,Delivered
ORD-01020,CUST-00481,PROD-0043,2025-08-13,1,34.99,Debit Card,Delivered
ORD-01021,CUST-00287,PROD-0032,2025-08-13,1,14.99,Credit Card,Delivered
ORD-01022,CUST-00378,PROD-0026,2025-08-13,2,74.99,Credit Card,Delivered
ORD-01023,CUST-00042,PROD-0041,2025-08-14,1,12.99,Apple Pay,Delivered
ORD-01024,CUST-00149,PROD-0022,2025-08-14,5,12.99,debit card,Delivered
ORD-01025,CUST-00444,PROD-0008,2025-08-15,2,94.99,Debit Card,Delivered
ORD-01026,CUST-00033,PROD-0029,2025-08-15,2,13.49,Credit Card,Delivered
ORD-01027,CUST-00382,PROD-0043,2025-08-15,4,34.99,PayPal,Delivered
ORD-01028,CUST-00019,PROD-0019,2025-08-15,4,24.00,Klarna,Delivered
ORD-01029,CUST-00219,PROD-0016,2025-08-15,1,21.99,Credit Card,Delivred
ORD-01030,CUST-00021,PROD-0048,2025-08-15,1,9.49,Credit Card,Delivered
ORD-01031,CUST-00106,PROD-0020,2025-08-15,1,89.00,Debit Card,Delivered
ORD-01032,CUST-00245,PROD-0043,2025-08-15,3,34.99,Credit Card,Delivered
ORD-01033,CUST-00090,PROD-0024,2025-08-16,2,19.99,PayPal,Refunded
ORD-01034,CUST-00498,PROD-0010,2025-08-16,2,22.99,Debit Card,Delivered
ORD-01035,CUST-00234,PROD-0037,2025-08-16,1,16.99,Credit Card,Delivered
ORD-01036,CUST-00335,PROD-0007,2025-08-16,3,89.99,Credit Card,Delivered
ORD-01037,CUST-00417,PROD-0048,2025-08-17,1,9.49,PayPal,Delivered
ORD-01038,CUST-00102,PROD-0007,2025-08-17,1,89.99,PayPal,Delivered
ORD-01039,CUST-00496,PROD-0023,2025-08-17,1,19.50,PayPal,Delivered
ORD-01040,CUST-00345,PROD-0019,2025-08-17,2,24.00,Apple Pay,Delivered
ORD-01041,CUST-00328,PROD-0020,2025-08-17,1,89.00,Credit Card,Delivered
ORD-01042,CUST-00336,PROD-0018,2025-08-17,1,79.99,Credit Card,Unknown
ORD-01043,CUST-00072,PROD-0017,2025-08-17,,55.00,Apple Pay,Delivered
ORD-01044,CUST-00352,PROD-0043,2025-08-17,3,34.99,Debit Card,Delivered
ORD-01045,CUST-00488,PROD-0041,2025-08-18,1,12.99,Debit Card,Delivered
ORD-01046,CUST-00664,PROD-0032,2025-08-18,1,14.99,Debit Card,Delivered
ORD-01047,CUST-00239,PROD-0026,2025-08-18,4,74.99,PayPal,Refunded
ORD-01048,CUST-00247,PROD-0032,2025-08-19,1,14.99,,Delivered
ORD-01049,CUST-00414,PROD-0023,2025-08-19,1,19.50,Credit Card,Returned
ORD-01050,CUST-00349,PROD-0043,2025-08-19,1,34.99,Debit Card,Delivered
ORD-01051,CUST-00154,PROD-0017,2025-08-19,1,55.00,PayPal,Delivered
ORD-01052,CUST-00028,PROD-0048,2025-08-19,2,9.49,PayPal,Delivered
ORD-01053,CUST-00196,PROD-0045,2025-08-19,1,13.99,Credit Card,Delivered
ORD-01054,CUST-00019,PROD-0024,2025-08-20,1,19.99,Debit Card,Delivered
ORD-01055,CUST-00224,PROD-0005,2025-08-20,1,129.00,Debit Card,Returned
ORD-01056,CUST-00050,PROD-0041,2025-08-21,1,12.99,Debit Card,Delivered
ORD-01057,CUST-00250,PROD-0023,2025-08-22,1,19.50,PayPal,Delivered
ORD-01058,CUST-00317,PROD-0030,2025-08-22,1,27.99,Credit Card,Delivered
ORD-01059,CUST-00284,PROD-0023,2025-08-22,3,19.50,CREDIT CARD,Delivered
ORD-01060,CUST-00020,PROD-0009,2025-08-22,3,32.50,Debit Card,Cancelled
ORD-01061,CUST-00106,PROD-0037,2025-08-22,2,16.99,Credit Card,Delivered
ORD-01062,CUST-00312,PROD-0039,2025-08-23,4,7.49,Credit Card,Cancelled
ORD-01063,CUST-00173,PROD-0046,2025-08-24,1,17.99,PayPal,Delivered
ORD-01064,CUST-00182,PROD-0016,2025-08-24,1,21.99,Credit Card,Delivered
ORD-01065,CUST-00412,PROD-0029,2025-08-24,2,13.49,Credit Card,Cancelled
ORD-01066,CUST-00359,PROD-0029,2025-08-24,1,13.49,PayPal,Delivered
ORD-01067,CUST-00106,PROD-0043,2025-08-25,2,34.99,Debit Card,Delivered
ORD-01068,CUST-00102,PROD-0041,2025-08-25,3,12.99,Apple Pay,Delivered
ORD-01069,CUST-00328,PROD-0016,2025-08-25,1,21.99,Apple Pay,Cancelled
ORD-01070,CUST-00079,PROD-0024,2025-08-25,3,19.99,Klarna,Delivered
ORD-01071,CUST-00038,PROD-0041,2025-08-26,2,12.99,PayPal,Returned
ORD-01072,CUST-00173,PROD-0037,2025-08-27,1,16.99,Debit Card,Refunded
ORD-01073,CUST-00050,PROD-0009,2025-08-27,1,32.50,Gift Card,Delivered
ORD-01074,CUST-00437,PROD-0048,2025-08-27,1,9.49,Credit Card,Delivered
ORD-01075,CUST-00047,PROD-0036,2025-08-28,1,11.50,Credit Card,Delivered
ORD-01076,CUST-00209,PROD-0017,2025-08-28,1,55.00,Debit Card,Returned
ORD-01077,CUST-00461,PROD-0046,2025-08-28,1,17.99,Credit Card,Cancelled
ORD-01078,CUST-00155,PROD-0043,2025-08-28,2,34.99,Debit Card,Delivered
ORD-01079,CUST-00438,PROD-0041,2025-08-29,1,12.99,Debit Card,Delivered
ORD-01080,CUST-00065,PROD-0042,2025-08-29,1,26.99,PayPal,Delivered
ORD-00481,CUST-00008,PROD-0032,2025-04-28,1,14.99,Apple Pay,Returned
ORD-01081,CUST-00300,PROD-0005,2025-08-29,2,129.00,PayPal,Delivered
ORD-01082,CUST-00044,PROD-0026,2025-08-29,1,74.99,Debit Card,Delivered
ORD-01083,CUST-00449,PROD-0028,2025-08-29,1,9.99,Debit Card,Delivered
ORD-01084,CUST-00170,PROD-0028,2025-08-29,2,9.99,Apple Pay,Delivered
ORD-01085,CUST-00388,PROD-0007,2025-08-30,2,89.99,Credit Card,Delivered
ORD-01086,CUST-00333,PROD-0042,2025-08-30,1,26.99,Apple Pay,Delivered
ORD-01087,CUST-00149,PROD-0041,2025-08-30,1,12.99,Credit Card,Delivered
ORD-01088,CUST-00033,PROD-0021,2025-08-30,1,38.00,Klarna,Delivered
ORD-01089,CUST-00041,PROD-0029,2025-08-30,1,13.49,Debit Card,Delivered
ORD-01090,CUST-00138,PROD-0046,2025-08-30,2,17.99,Apple Pay,Delivered
ORD-01091,CUST-00329,PROD-0004,2025-08-30,2,44.99,Debit Card,Delivered
ORD-01092,CUST-00004,PROD-0018,2025-08-31,2,79.99,Credit Card,Cancelled
ORD-01093,CUST-00383,PROD-0041,2025-08-31,1,12.99,Cheque,Delivered
ORD-01094,CUST-00440,PROD-0037,2025-08-31,1,16.99,Debit Card,Delivered
ORD-01095,CUST-00317,PROD-0017,2025-08-31,2,55.00,Debit Card,Delivered
ORD-01096,CUST-00179,PROD-0048,2025-08-31,2,9.49,Apple Pay,Delivered
ORD-01097,CUST-00482,PROD-0041,2025-08-31,2,12.99,Debit Card,Delivered
ORD-01098,CUST-00257,PROD-0002,2025-09-01,1,24.99,Klarna,cancelled
ORD-01099,CUST-00195,PROD-0038,2025-09-01,1,34.99,PayPal,Delivered
ORD-01100,CUST-00296,PROD-0002,2025-09-01,1,24.99,Apple Pay,Delivered
ORD-01101,CUST-00129,PROD-0028,2025-09-01,1,9.99,Credit Card,Returned
ORD-01102,CUST-00050,PROD-0016,2025-09-01,1,21.99,Gift Card,Delivered
ORD-01103,CUST-00027,PROD-0041,2025-09-01,1,12.99,Klarna,Delivered
ORD-01104,CUST-00434,PROD-0018,2025-09-01,1,79.99,Gift Card,delivered
ORD-01105,CUST-00132,PROD-0007,2025-09-01,1,89.99,PayPal,Delivered
ORD-01106,CUST-00141,PROD-0046,2025-09-02,2,17.99,Credit Card,Delivered
ORD-01107,CUST-00085,PROD-0029,2025-09-02,2,13.49,Debit Card,Returned
ORD-01108,CUST-00193,PROD-0041,02/09/2025,1,12.99,Credit Card,Returned
ORD-01109,CUST-00216,PROD-0046,2025-09-02,1,17.99,Klarna,Refunded
ORD-01110,CUST-00351,PROD-0007,2025-09-02,1,89.99,Apple Pay,Cancelled
ORD-01111,CUST-00083,PROD-0005,2025-09-02,2,129.00,Klarna,Delivered
ORD-01112,CUST-00391,PROD-0024,2025-09-02,2,19.99,Gift Card,Delivered
ORD-01113,CUST-00378,PROD-0047,2025-09-02,2,23.99,Credit Card,Delivered
ORD-01114,CUST-00129,PROD-0018,2025-09-02,1,79.99,Apple Pay,Refunded
ORD-01115,CUST-00292,PROD-0007,2025-09-03,5,89.99,Debit Card,Returned
ORD-01116,CUST-00043,PROD-0041,2025-09-03,1,12.99,Klarna,Delivered
ORD-01117,CUST-00140,PROD-0047,2025-09-03,1,23.99,PayPal,Delivered
ORD-01118,CUST-00305,PROD-0041,2025-09-03,2,12.99,Debit Card,Delivered
ORD-01119,CUST-00087,PROD-0023,2025-09-03,2,19.50,PayPal,Delivered
ORD-01120,CUST-00445,PROD-0021,2025-09-04,1,38.00,Credit Card,Returned
ORD-01121,CUST-00121,PROD-0025,2025-09-04,2,17.99,PayPal,Delivered
ORD-01122,CUST-00065,PROD-0044,2025-09-04,2,42.00,PayPal,Delivred
ORD-01123,CUST-00497,PROD-0040,2025-09-04,1,27.50,Credit Card,Delivered
ORD-01124,CUST-00143,PROD-0048,2025-09-04,1,9.49,Debit Card,Delivered
ORD-01125,CUST-00092,PROD-0029,2025-02-30,1,13.49,Credit Card,Delivered
ORD-01126,CUST-00218,PROD-0049,2025-09-04,1,29.99,Credit Card,Delivered
ORD-01127,CUST-00431,PROD-0018,2025-09-05,3,79.99,Gift Card,Refunded
ORD-01128,CUST-00197,PROD-0047,2025-09-05,1,23.99,Klarna,Delivered
ORD-01129,CUST-00221,PROD-0007,2025-09-05,2,89.99,Apple Pay,Delivered
ORD-01130,CUST-00305,PROD-0007,2025-09-06,1,89.99,Debit Card,Delivered
ORD-01131,CUST-00495,PROD-0017,2025-09-06,1,55.00,Credit Card,Delivered
ORD-01132,CUST-00196,PROD-0040,2025-09-06,1,27.50,Debit Card,Delivered
ORD-01133,CUST-00473,PROD-0043,2025-09-06,1,34.99,Credit Card,Delivered
ORD-01134,CUST-00404,PROD-0016,2025-09-06,2,21.99,Gift Card,Delivered
ORD-01135,CUST-00382,PROD-0044,2025-09-06,1,42.00,PayPal,Delivered
ORD-01136,CUST-00186,PROD-0040,2025-09-07,3,27.50,Apple Pay,Cancelled
ORD-01137,CUST-00124,PROD-0029,2025-09-07,2,13.49,Credit Card,delivered
ORD-01138,CUST-00051,PROD-0014,2025-09-07,1,179.00,Credit Card ,Delivered
ORD-01139,CUST-00238,PROD-0017,2025-09-07,1,55.00,Apple Pay,Refunded
ORD-01140,CUST-00209,PROD-0032,2025-09-07,1,14.99,Klarna,Refunded
ORD-01141,CUST-00019,PROD-0041,2025-09-08,1,12.99,Debit Card,Delivered
ORD-01142,CUST-00444,PROD-0041,2025-09-08,1,12.99,Gift Card,Refunded
ORD-01143,CUST-00306,PROD-0035,2025-09-08,1,18.99,Debit Card,Delivered
ORD-01144,CUST-00248,PROD-0006,2025-09-08,1,14.99,Credit Card,Delivered
ORD-01145,CUST-00401,PROD-0017,2025-09-08,2,55.00,Credit Card,Delivered
ORD-01146,CUST-00338,PROD-0041,09/09/2025,3,12.99,Debit Card,Delivered
ORD-01147,CUST-00334,PROD-0046,2025-09-09,1,17.99,PayPal,Delivered
ORD-01148,CUST-00083,PROD-0025,2025-09-09,2,17.99,PayPal,Delivered
ORD-01149,CUST-00301,PROD-0036,2025-09-09,2,11.50,Debit Card,Delivered
ORD-01150,CUST-00162,PROD-0040,2025-09-09,4,27.50,Debit Card,Delivered
ORD-01151,CUST-00186,PROD-0035,2025-09-09,3,18.99,Credit Card,Delivered
ORD-01152,CUST-00452,PROD-0008,2025-09-09,1,94.99,Debit Card,Delivered
ORD-01153,CUST-00212,PROD-0041,2025-09-09,1,12.99,PayPal,Cancelled
ORD-01738,CUST-00234,PROD-0002,2025-11-30,1,24.99,apple pay,Refunded
ORD-01154,CUST-00153,PROD-0026,2025-09-10,5,74.99,Debit Card,Delivered
ORD-01155,CUST-00279,PROD-0033,2025-09-10,1,24.00,Debit Card,Refunded
ORD-01156,CUST-00136,PROD-0005,2025-09-10,1,129.00,PayPal,Delivered
ORD-01157,CUST-00496,PROD-0028,2025-09-10,1,9.99,Apple Pay,Delivered
ORD-01158,CUST-00234,PROD-0041,2025-09-10,1,12.99,PayPal,Delivered
ORD-01159,CUST-00331,PROD-0050,2025-09-10,1,21.00,Klarna,Returned
ORD-01160,CUST-00077,PROD-0029,2025-09-10,1,13.49,PayPal,Delivered
ORD-01161,CUST-00353,PROD-0046,2025-09-11,2,17.99,Credit Card,Delivered
ORD-01162,CUST-00126,PROD-0024,11/09/2025,1,19.99,Debit Card,Delivered
ORD-01163,CUST-00006,PROD-0041,2025-09-11,1,12.99,Apple Pay,Delivered
ORD-01164,CUST-00401,PROD-0028,2025-09-11,2,9.99,Credit Card,Delivered
ORD-01165,CUST-00246,PROD-0038,2025-09-11,2,34.99,PayPal,delivered
ORD-01166,CUST-00334,PROD-0002,2025-09-11,1,24.99,Debit Card,Delivered
ORD-01167,CUST-00161,PROD-0001,2025-09-11,3,59.99,Credit Card,Delivered
ORD-01168,CUST-00479,PROD-0041,2025-09-12,1,12.99,Credit Card,Delivered
ORD-01169,CUST-00044,PROD-0040,2025-09-12,1,27.50,Credit Card,Delivered
ORD-01170,CUST-00187,PROD-0002,2025-09-12,2,24.99,Apple Pay,Delivered
ORD-01171,CUST-00085,PROD-0041,2025-09-12,2,12.99,Credit Card,Delivered
ORD-01172,CUST-00057,PROD-0039,2025-09-12,2,7.49,Credit Card,Delivered
ORD-01173,CUST-00062,PROD-0005,2025-09-12,2,129.00,Credit Card,Delivered
ORD-01174,CUST-00061,PROD-0043,2025-09-12,2,34.99,PayPal,Delivered
ORD-01175,CUST-00196,PROD-0012,2025-09-13,4,15.99,Debit Card,Delivered
ORD-01176,CUST-00173,PROD-0001,2025-09-13,3,59.99,PayPal,Delivered
ORD-01177,CUST-00417,PROD-0044,2025-09-13,1,42.00,Credit Card,Returned
ORD-01178,CUST-00122,PROD-0027,2025-09-13,1,99.00,PayPal,Delivered
ORD-01179,CUST-00209,PROD-0046,2025-09-13,2,17.99,PayPal,Delivered
ORD-01045,CUST-00488,PROD-0041,2025-08-18,1,12.99,Debit Card,Delivered
ORD-01180,CUST-00409,PROD-0028,2025-09-13,4,9.99,Credit Card,Cancelled
ORD-01181,CUST-00105,PROD-0001,2025-09-13,1,59.99,PayPal,Refunded
ORD-01182,CUST-00023,PROD-0047,2025-09-13,1,23.99,PayPal,Delivered
ORD-01183,CUST-00029,PROD-0018,2025-09-14,1,79.99,Debit Card,Returned
ORD-01184,CUST-00090,PROD-0006,2025-09-14,1,14.99,PayPal,Delivered
ORD-01185,CUST-00026,PROD-0020,2025-09-14,1,89.00,Apple Pay,Delivered
ORD-01186,CUST-00300,PROD-0033,2025-09-14,1,24.00,Debit Card,Delivered
ORD-01187,CUST-00335,PROD-0018,2025-09-14,5,79.99,Debit Card,Delivered
ORD-01188,CUST-00447,PROD-0025,2025-09-15,1,17.99,PayPal,Returned
ORD-01189,CUST-00270,PROD-0044,2025-09-15,1,42.00,Apple Pay,Delivered
ORD-01190,CUST-00382,PROD-0046,2025-09-15,2,17.99,Gift Card,Delivered
ORD-01191,CUST-00202,PROD-0014,2025-09-15,1,179.00,Apple Pay,Delivered
ORD-01192,CUST-00444,PROD-0046,2025-09-15,2,17.99,Credit Card,Delivered
ORD-01193,CUST-00204,PROD-0024,2025-09-16,2,19.99,Klarna,Delivered
ORD-01194,CUST-00137,PROD-0021,2025-09-16,3,38.00,PayPal,Delivered
ORD-01195,CUST-00337,PROD-0048,2025-09-16,3,9.49,Credit Card,Delivered
ORD-01196,CUST-00023,PROD-0028,2025-09-16,1,9.99,Debit Card,Delivered
ORD-01197,CUST-00051,PROD-0041,2025-09-16,1,12.99,PayPal,Delivered
ORD-01198,CUST-00074,PROD-0024,2025-09-17,4,19.99,Credit Card,Delivered
ORD-01199,CUST-00215,PROD-0006,2025-09-17,1,14.99,Debit Card,Returned
ORD-01200,CUST-00162,PROD-0039,2025-09-18,2,7.49,,Delivered
ORD-01201,CUST-00014,PROD-0032,2025-09-18,1,14.99,Credit Card,Cancelled
ORD-01202,CUST-00050,PROD-0039,2025-09-19,1,7.49,Klarna,Delivered
ORD-01203,CUST-00083,PROD-0035,2025-09-19,1,18.99,Debit Card,Delivered
ORD-01204,CUST-00196,PROD-0049,2025-09-20,1,29.99,Debit Card,Delivered
ORD-01205,CUST-00023,PROD-0045,2025-09-20,1,13.99,Debit Card,Returned
ORD-01206,CUST-00106,PROD-0012,2025-09-20,1,15.99,Credit Card,DELIVERED
ORD-01207,CUST-00391,PROD-0012,2025-09-20,1,15.99,Apple Pay,Delivered
ORD-01208,CUST-00304,PROD-0043,2025-09-20,1,34.99,Gift Card,Delivered
ORD-01209,CUST-00245,PROD-0050,2025-09-21,1,21.00,Debit Card,Refunded
ORD-01210,CUST-00277,PROD-0001,2025-09-21,1,59.99,Credit Card,Delivered
ORD-01211,CUST-00219,PROD-0029,2025-09-22,1,13.49,Debit Card,Delivered
ORD-01212,CUST-00260,PROD-0036,2025-09-22,1,11.50,Apple Pay,Delivered
ORD-01213,,PROD-0008,2025-09-22,1,94.99,Debit Card,Delivered
ORD-01961,CUST-00071,PROD-0036,2025-12-27,1,11.50,Debit Card,Pending
ORD-01214,CUST-00164,PROD-0043,2025-09-22,1,34.99,Credit Card,Delivered
ORD-01215,CUST-00083,PROD-0001,2025-09-22,5,59.99,Credit Card,Delivered
ORD-01216,CUST-00257,PROD-0027,2025-09-22,1,99.00,Apple Pay,Cancelled
ORD-01217,CUST-00335,PROD-0026,2025-09-22,3,74.99,Credit Card,Delivered
ORD-01218,CUST-00499,PROD-0043,2025-09-23,1,34.99,PayPal,Delivered
ORD-01219,CUST-00156,PROD-0043,2025-09-23,2,34.99,CREDIT CARD,Returned
ORD-01220,CUST-00094,PROD-0023,2025-09-23,5,19.50,Debit Card,Delivered
ORD-01221,CUST-00187,PROD-0009,2025-09-23,1,32.50,Credit Card,Delivered
ORD-01222,CUST-00149,PROD-0022,2025-09-23,1,12.99,PayPal,Delivered
ORD-01223,CUST-00038,PROD-0019,2025-09-23,1,24.00,Debit Card,Delivered
ORD-01224,CUST-00254,PROD-0031,2025-09-24,2,8.99,Debit Card,Returned
ORD-01225,CUST-00246,PROD-0026,2025-09-24,3,74.99,Debit Card,Delivered
ORD-01226,CUST-00106,PROD-0030,2025-09-24,1,27.99,Apple Pay,Refunded
ORD-01227,CUST-00186,PROD-0016,2025-09-24,1,21.99,Credit Card,Delivered
ORD-01228,CUST-00041,PROD-0005,2025-09-25,1,129.00,Klarna,Delivered
ORD-01229,CUST-00152,PROD-0046,2025-09-25,3,17.99,Debit Card,Delivered
ORD-01230,CUST-00460,PROD-0043,2025-09-25,2,34.99,Credit Card,Delivered
ORD-01231,CUST-00149,PROD-0018,2025-09-26,3,79.99,Apple Pay,Delivered
ORD-01232,CUST-00317,PROD-0046,2025-09-26,3,17.99,Debit Card,Delivered
ORD-01233,CUST-00251,PROD-0034,2025-09-26,1,29.99,Credit Card,Delivered
ORD-01234,CUST-00243,PROD-0026,2025-09-27,1,74.99,Credit Card,Delivered
ORD-01235,CUST-00028,PROD-0046,2025-09-27,1,17.99,Credit Card,Delivered
ORD-01236,CUST-00493,PROD-0017,2025-09-27,2,55.00,PayPal,Delivered
ORD-01237,CUST-00073,PROD-0047,2025-09-28,3,23.99,Credit Card,Refunded
ORD-01238,CUST-00350,PROD-0004,2025-09-28,2,44.99,PayPal,Delivered
ORD-01239,CUST-00207,PROD-0043,2025-09-28,1,34.99,Debit Card,Delivered
ORD-01240,CUST-00426,PROD-0032,2025-09-28,1,14.99,Debit Card,Delivered
ORD-01241,CUST-00093,PROD-0048,2025-09-28,2,9.49,Credit Card,Delivered
ORD-01242,CUST-00230,PROD-0009,2025-09-28,1,32.50,Apple Pay,Delivered
ORD-01243,CUST-00221,PROD-0024,2025-09-28,2,19.99,Credit Card,Delivered
ORD-01244,CUST-00218,PROD-0041,2025-09-29,2,12.99,Debit Card,Delivered
ORD-01245,CUST-00402,PROD-0042,2025-09-29,1,26.99,Debit Card,Delivered
ORD-01246,CUST-00041,PROD-0040,2025-09-29,2,27.50,Apple Pay,Delivered
ORD-01247,CUST-00296,PROD-0028,2025-09-29,2,9.99,Debit Card,Delivered
ORD-01248,CUST-00404,PROD-0024,2025-09-29,1,19.99,Credit Card,Delivered
ORD-01249,CUST-00251,PROD-0030,2025-09-29,1,27.99,PayPal,Delivered
ORD-01250,CUST-00449,PROD-0043,2025-09-29,1,34.99,Debit Card,Delivered
ORD-01251,CUST-00382,PROD-0017,2025-09-29,2,55.00,PayPal,Delivered
ORD-01252,CUST-00238,PROD-0041,2025-09-30,1,12.99,PayPal,Delivered
ORD-01253,CUST-00295,PROD-0001,2025-09-30,5,59.99,Credit Card,Delivered
ORD-01254,CUST-00473,PROD-0009,2025-09-30,1,32.50,Debit Card,Delivered
ORD-01255,CUST-00209,PROD-0048,2025-09-30,1,9.49,Credit Card,Returned
ORD-01256,CUST-00209,PROD-0038,2025-09-30,1,34.99,Apple Pay,Cancelled
ORD-01257,CUST-00138,PROD-0041,2025-09-30,3,12.99,Credit Card,Delivered
ORD-01258,CUST-00444,PROD-0018,2025-10-01,1,79.99,Debit Card,Returned
ORD-01259,CUST-00265,PROD-0017,2025-10-01,3,55.00,PayPal,Delivered
ORD-01260,CUST-00184,PROD-0009,2025-10-02,1,32.50,PayPal,Delivered
ORD-01261,CUST-00112,PROD-0026,2025-10-02,2,74.99,PayPal,Delivered
ORD-01262,CUST-00276,PROD-0002,2025-10-02,2,24.99,PayPal,Delivered
ORD-01263,CUST-00028,PROD-0033,2025-10-02,3,24.00,PayPal,Cancelled
ORD-01264,CUST-00152,PROD-0015,2025-10-02,1,84.99,Credit Card,Delivered
ORD-01265,CUST-00483,PROD-0048,2025-10-03,1,9.49,Credit Card,Delivered
ORD-01266,CUST-00051,PROD-0021,2025-10-03,4,38.00,Gift Card,Delivered
ORD-01267,CUST-00405,PROD-0029,2025-10-03,2,13.49,Debit Card,Delivered
ORD-01268,CUST-00111,PROD-0041,2025-10-03,1,12.99,Credit Card,Delivered
ORD-01269,CUST-00083,PROD-0001,2025-10-03,5,59.99,PayPal,Delivered
ORD-01270,CUST-00371,PROD-0038,2025-10-03,2,34.99,Credit Card,Delivered
ORD-01271,CUST-00389,PROD-0041,2025-10-03,3,12.99,Debit Card,Delivered
ORD-01272,CUST-00300,PROD-0046,2025-10-04,4,17.99,Debit Card,Cancelled
ORD-01273,CUST-00201,PROD-0048,2025-10-04,1,9.49,Gift Card,Delivered
ORD-01274,CUST-00295,PROD-0041,2025-10-04,1,12.99,Apple Pay,Cancelled
ORD-01275,CUST-00270,PROD-0026,2025-10-04,1,74.99,Credit Card,Delivered
ORD-01276,CUST-00051,PROD-0012,2025-10-04,3,15.99,Credit Card,Cancelled
ORD-01277,CUST-00368,PROD-0001,2025-10-04,1,59.99,Credit Card,Delivered
ORD-01278,CUST-00307,PROD-0037,2025-10-04,1,16.99,Apple Pay,Delivered
ORD-01279,CUST-00129,PROD-0026,2025-10-05,1,74.99,PayPal,Delivered
ORD-01280,CUST-00237,PROD-0040,2025-10-05,2,27.50,Debit Card,Delivered
ORD-01281,CUST-00215,PROD-0049,2025-10-05,1,29.99,Gift Card,Delivered
ORD-01282,CUST-00099,PROD-0002,2025-10-05,3,24.99,Credit Card,Delivered
ORD-01283,CUST-00210,PROD-0026,2025-10-05,1,74.99,Debit Card,delivered
ORD-01284,CUST-00491,PROD-0048,2025-10-05,1,9.49,Debit Card,Refunded
ORD-01285,CUST-00072,PROD-0029,2025-10-05,1,13.49,Credit Card,Delivered
ORD-01286,CUST-00006,PROD-0048,2025-10-05,1,9.49,Credit Card,Delivered
ORD-01287,CUST-00302,PROD-0008,2025-10-05,1,94.99,Credit Card,Delivered
ORD-01288,CUST-00486,PROD-0041,2025-10-05,2,12.99,Credit Card,Delivered
ORD-01289,CUST-00293,PROD-0041,2025-10-05,4,12.99,Debit Card,Delivered
ORD-01290,CUST-00174,PROD-0001,2025-10-05,4,59.99,Debit Card,Refunded
ORD-01291,CUST-00436,PROD-0018,2025-10-06,1,79.99,Debit Card,Delivered
ORD-01292,CUST-00083,PROD-0020,2025-10-06,1,89.00,Credit Card,Returned
ORD-01293,CUST-00416,PROD-0001,2025-10-06,1,59.99,PayPal,Delivered
ORD-01294,CUST-00401,PROD-0001,2025-10-07,1,59.99,Debit Card,Delivered
ORD-01295,CUST-00115,PROD-0026,2025-10-07,1,74.99,Credit Card,Delivered
ORD-01296,CUST-00185,PROD-0012,2025-10-07,1,15.99,Debit Card,Cancelled
ORD-01297,CUST-00147,PROD-0015,2025-10-07,1,84.99,Apple Pay,Delivered
ORD-01298,CUST-00227,PROD-0005,2025-10-07,1,129.00,Debit Card,Delivered
ORD-01299,CUST-00356,PROD-0026,2025-10-07,1,74.99,Apple Pay,Cancelled
ORD-01300,CUST-00407,PROD-0048,2025-10-07,1,9.49,Credit Card,Delivered
ORD-01301,CUST-00426,PROD-0027,2025-10-07,1,99.00,Apple Pay,Delivered
ORD-01302,CUST-00154,PROD-0014,2025-10-07,1,179.00,Credit Card,Refunded
ORD-01303,CUST-00349,PROD-0049,2025-10-07,1,29.99,Credit Card,Returned
ORD-01304,CUST-00014,PROD-0046,2025-10-07,2,17.99,Credit Card,Delivered
ORD-01305,CUST-00209,PROD-0041,2025-10-08,1,12.99,Debit Card,Delivered
ORD-01306,CUST-00161,PROD-0048,2025-10-08,1,9.49,PayPal,Returned
ORD-01307,CUST-00344,PROD-0029,2025-10-08,1,13.49,Apple Pay,Delivered
ORD-01308,CUST-00390,PROD-0026,2025-10-08,2,74.99,Debit Card,Delivered
ORD-01309,CUST-00478,PROD-0020,2025-10-09,1,89.00,Apple Pay,Delivered
ORD-01310,CUST-00160,PROD-0023,2025-10-09,1,19.50,PayPal,Refunded
ORD-01311,CUST-00165,PROD-0005,2025-10-09,2,129.00,Debit Card,Delivered
ORD-01312,CUST-00432,PROD-0038,2025-10-09,1,34.99,Debit Card,Delivered
ORD-00018,CUST-00383,PROD-0046,2025-01-05,2,17.99,klarna,Cancelled
ORD-01313,CUST-00300,PROD-0007,2025-10-10,3,89.99,PayPal,Returned
ORD-01314,CUST-00048,PROD-0040,2025-10-10,4,27.50,Debit Card,Delivered
ORD-01315,CUST-00351,PROD-0016,10-10-2025,1,21.99,Debit Card,Returned
ORD-01316,CUST-00296,PROD-0041,2025-10-11,2,12.99,Klarna,Delivered
ORD-01317,CUST-00117,PROD-0021,2025-10-11,1,38.00,Debit Card,Delivered
ORD-01318,CUST-00048,PROD-0018,2025-10-11,1,79.99,PayPal,Cancelled
ORD-01319,CUST-00416,PROD-0041,2025-10-11,4,12.99,Debit Card,Delivered
ORD-01320,CUST-00116,PROD-0042,2025-10-11,3,26.99,PayPal,Delivered
ORD-01321,CUST-00451,PROD-0045,2025-10-11,1,13.99,Credit Card,Delivered
ORD-01322,CUST-00261,PROD-0028,2025-10-11,1,9.99,PayPal,Delivered
ORD-01323,CUST-00111,PROD-0038,2025-10-11,1,34.99,Debit Card,Delivered
ORD-01324,CUST-00461,PROD-0045,2025-10-11,1,13.99,Credit Card,Delivered
ORD-01325,CUST-00412,PROD-0007,2025-10-11,1,89.99,Debit Card,Delivered
ORD-01326,CUST-00477,PROD-0023,2025-10-12,3,19.50,Debit Card,Delivered
ORD-01327,CUST-00335,PROD-0010,2025-10-12,1,22.99,Credit Card,Delivered
ORD-01328,CUST-00218,PROD-0024,2025-10-12,1,19.99,Debit Card,Delivered
ORD-01329,CUST-00285,PROD-0026,2025-10-12,1,74.99,PayPal,Cancelled
ORD-01330,CUST-00005,PROD-0019,2025-10-12,1,24.00,Debit Card,Delivered
ORD-01331,CUST-00317,PROD-0008,2025-10-12,1,94.99,PayPal,Delivered
ORD-01332,CUST-00332,PROD-0046,2025-10-13,1,17.99,Debit Card,Delivered
ORD-01333,CUST-00483,PROD-0026,2025-10-13,1,74.99,PayPal,Delivered
ORD-01334,CUST-00138,PROD-0029,2025-10-13,1,13.49,PayPal,Delivered
ORD-01335,CUST-00395,PROD-0043,2025-10-13,2,34.99,Credit Card,Delivered
ORD-01336,CUST-00070,PROD-0041,2025-10-13,5,12.99,Debit Card,Delivered
ORD-01337,CUST-00142,PROD-0007,2025-10-13,1,89.99,Apple Pay,Delivered
ORD-01338,CUST-00437,PROD-0027,2025-10-14,1,99.00,PayPal,Delivered
ORD-01339,CUST-00425,PROD-0024,14/10/2025,2,19.99,Credit Card,Delivered
ORD-01340,CUST-00363,PROD-0046,2025-10-14,1,17.99,Credit Card,Cancelled
ORD-01341,CUST-00092,PROD-0007,2025-10-14,1,89.99,Credit Card,Delivered
ORD-01342,CUST-00008,PROD-0042,2025-10-14,2,26.99,Debit Card,Delivered
ORD-01343,CUST-00224,PROD-0002,2025-10-14,1,24.99,Credit Card,Delivered
ORD-01344,CUST-00090,PROD-0024,2025-10-14,1,19.99,Credit Card,Delivered
ORD-01345,CUST-00062,PROD-0026,2025-10-14,1,74.99,Debit Card,Delivered
ORD-01346,CUST-00483,PROD-0046,2025-10-14,3,17.99,Debit Card,Cancelled
ORD-01347,CUST-00115,PROD-0073,2025-10-15,3,19.99,Credit Card,Delivered
ORD-01348,CUST-00005,PROD-0014,2025-10-15,3,179.00,Klarna,Delivered
ORD-01349,CUST-00072,PROD-0026,2025-10-15,1,74.99,Credit Card,Delivered
ORD-01350,CUST-00592,PROD-0006,2025-10-15,1,14.99,Credit Card,Delivered
ORD-01351,CUST-00307,PROD-0046,2025-10-16,1,17.99,Debit Card,Refunded
ORD-01352,CUST-00337,PROD-0008,2025-10-16,1,94.99,Credit Card,Delivered
ORD-01353,CUST-00092,PROD-0036,2025-10-16,1,11.50,Apple Pay,Delivered
ORD-01354,CUST-00246,PROD-0045,2025-10-16,1,13.99,Credit Card,Delivered
ORD-01355,CUST-00328,PROD-0029,2025-10-16,1,13.49,Debit Card,Delivered
ORD-01356,CUST-00114,PROD-0039,2025-10-16,1,7.49,PayPal,Delivered
ORD-01357,CUST-00402,PROD-0048,16-10-2025,5,9.49,Debit Card,Delivered
ORD-01358,CUST-00473,PROD-0040,2025-10-16,3,27.50,Debit Card,Delivered
ORD-01359,CUST-00426,PROD-0026,2025-10-16,1,74.99,Debit Card,Refunded
ORD-01360,CUST-00401,PROD-0029,2025-10-16,3,13.49,Gift Card,Delivered
ORD-01361,CUST-00473,PROD-0050,2025-10-16,5,21.00,PayPal,Delivered
ORD-01362,CUST-00083,PROD-0045,17/10/2025,4,13.99,Debit Card,Refunded
ORD-01363,CUST-00004,PROD-0002,2025-10-17,2,24.99,Credit Card,Delivered
ORD-01364,CUST-00013,PROD-0022,2025-10-17,3,12.99,Debit Card,Returned
ORD-01365,CUST-00486,PROD-0041,2025-10-17,1,12.99,Credit Card,Delivered
ORD-01366,CUST-00296,PROD-0009,2025-10-17,3,32.50,Apple Pay,Delivered
ORD-01367,CUST-00090,PROD-0039,2025-10-17,1,7.49,paypal,Delivered
ORD-01368,CUST-00023,PROD-0035,2025-10-17,3,18.99,Credit Card,Delivered
ORD-01369,CUST-00478,PROD-0026,2025-10-17,1,74.99,Debit Card,Delivered
ORD-01370,CUST-00006,PROD-0030,2025-10-17,1,27.99,Gift Card,Delivered
ORD-01371,CUST-00429,PROD-0048,2025-10-17,1,9.49,Credit Card,Delivered
ORD-01372,CUST-00371,PROD-0036,2025-10-18,1,11.50,Credit Card,Delivered
ORD-01373,CUST-00214,PROD-0011,2025-10-18,1,64.00,PayPal,Delivered
ORD-01374,CUST-00199,PROD-0046,2025-10-18,2,17.99,Debit Card,Refunded
ORD-01375,CUST-00184,PROD-0026,2025-10-18,1,74.99,PayPal,Cancelled
ORD-01376,CUST-00036,PROD-0026,2025-10-18,1,74.99,Credit Card,Cancelled
ORD-01377,CUST-00497,PROD-0044,2025-10-18,1,42.00,PayPal,Delivered
ORD-01378,CUST-00038,PROD-0024,2025-10-18,1,19.99,Credit Card,Delivered
ORD-01379,CUST-00451,PROD-0026,2025-10-18,1,74.99,Credit Card,Cancelled
ORD-01380,CUST-00072,PROD-0017,2025-10-19,1,55.00,Klarna,Refunded
ORD-01381,CUST-00443,PROD-0004,2025-10-19,1,44.99,Debit Card,Cancelled
ORD-01382,CUST-00352,PROD-0005,2025-10-19,1,129.00,PayPal,Delivered
ORD-01383,CUST-00184,PROD-0026,2025-10-19,1,74.99,Credit Card,Delivered
ORD-01384,CUST-00012,PROD-0023,2025-10-19,2,19.50,Credit Card,Delivered
ORD-01385,CUST-00021,PROD-0026,2025-10-19,1,74.99,PayPal,Cancelled
ORD-01386,CUST-00161,PROD-0020,2025-10-20,1,89.00,Debit Card,Delivered
ORD-01387,CUST-00361,PROD-0005,2025-10-20,5,129.00,Debit Card,Cancelled
ORD-01388,CUST-00498,PROD-0048,2025-10-20,1,9.49,Debit Card,Cancelled
ORD-01389,CUST-00149,PROD-0040,2025-10-20,3,27.50,Apple Pay,Refunded
ORD-01390,CUST-00209,PROD-0007,2025-10-20,1,89.99,Debit Card,Refunded
ORD-01391,CUST-00072,PROD-0002,2025-10-20,4,24.99,Credit Card,Refunded
ORD-01392,CUST-00141,PROD-0013,2025-10-20,1,18.50,Debit Card,Delivered
ORD-01393,CUST-00209,PROD-0018,2025-10-21,2,79.99,Apple Pay,Delivered
ORD-01394,CUST-00185,PROD-0009,2025-10-21,2,32.50,Debit Card,Delivered
ORD-01395,CUST-00238,PROD-0044,2025-10-21,3,42.00,Credit Card,Returned
ORD-01396,CUST-00259,PROD-0048,2025-10-21,2,9.49,Debit Card,Delivered
ORD-01397,CUST-00423,PROD-0004,2025-10-21,1,44.99,Debit Card,Refunded
ORD-01398,CUST-00396,PROD-0016,2025-10-21,2,21.99,Credit Card,Delivered
ORD-01399,CUST-00205,PROD-0007,2025-10-21,1,89.99,Credit Card,Delivered
ORD-01400,CUST-00209,PROD-0035,2025-10-21,2,18.99,Credit Card,Refunded
ORD-01401,CUST-00472,PROD-0048,2025-10-21,1,9.49,Debit Card,Delivered
ORD-01275,CUST-00270,PROD-0026,2025-10-04,1,74.99,Credit Card,Delivered 
ORD-01402,CUST-00439,PROD-0050,2025-10-21,3,21.00,Credit Card,Delivered
ORD-01403,CUST-00169,PROD-0026,2025-10-21,3,74.99,Credit Card,Cancelled
ORD-01404,CUST-00377,PROD-0046,2025-10-21,1,17.99,Credit Card,Refunded
ORD-01405,CUST-00412,PROD-0009,2025-10-22,1,32.50,Credit Card,Delivered
ORD-01406,CUST-00160,PROD-0046,2025-10-22,3,17.99,Credit Card,Refunded
ORD-01407,CUST-00044,PROD-0004,2025-10-22,1,44.99,Apple Pay,Delivered
ORD-01408,,PROD-0041,2025-10-22,3,12.99,Debit Card,Delivered
ORD-01409,CUST-00126,PROD-0038,2025-10-22,0,34.99,Credit Card,Delivered
ORD-01410,CUST-00138,PROD-0026,2025-10-22,3,74.99,PayPal,Delivered
ORD-01411,CUST-00384,PROD-0049,2025-10-23,1,29.99,Debit Card,Delivered
ORD-01412,CUST-00257,PROD-0018,2025-10-23,3,79.99,Apple Pay,Delivered
ORD-01413,CUST-00395,PROD-0023,2025-10-24,5,19.50,Debit Card,Delivered
ORD-01414,CUST-00315,PROD-0024,2025-10-24,3,19.99,Klarna,Delivered
ORD-01415,CUST-00451,PROD-0048,2025-10-24,4,9.49,Credit Card,Delivered
ORD-01416,CUST-00209,PROD-0042,2025-10-25,2,26.99,Apple Pay,Delivered
ORD-01417,CUST-00157,PROD-0041,2025-10-25,2,12.99,Gift Card,Refunded
ORD-01418,CUST-00135,PROD-0001,2025-10-25,1,59.99,Debit Card,Delivered
ORD-01419,CUST-00326,PROD-0040,2025-10-25,1,27.50,Debit Card,Refunded
ORD-01420,CUST-00383,PROD-0043,2025-10-25,1,34.99,Credit Card,Delivered
ORD-01421,CUST-00464,PROD-0046,25-10-2025,1,17.99,Debit Card,Delivered
ORD-01422,CUST-00404,PROD-0035,2025-10-25,1,18.99,PayPal,Delivered
ORD-01423,CUST-00005,PROD-0005,2025-10-26,1,129.00,Debit Card,Cancelled
ORD-01424,CUST-00019,PROD-0038,2025-10-26,2,34.99,Debit Card,Cancelled
ORD-01425,CUST-00072,PROD-0040,2025-10-26,1,27.50,Credit Card,Delivered
ORD-01426,CUST-00354,PROD-0048,2025-10-26,2,9.49,Debit Card,Refunded
ORD-01427,CUST-00241,PROD-0046,2025-10-26,1,17.99,Credit Card,Delivered
ORD-01428,CUST-00322,PROD-0002,2025-10-26,1,24.99,PayPal,Returned
ORD-01429,CUST-00496,PROD-0040,2025-10-26,3,27.50,Credit Card,Delivered
ORD-01430,CUST-00320,PROD-0048,2025-10-27,1,9.49,Debit Card,Delivered
ORD-01431,CUST-00491,PROD-0018,27-10-2025,1,79.99,Apple Pay,Delivered
ORD-01432,CUST-00215,PROD-0046,27-10-2025,2,17.99,Debit Card,Delivered
ORD-01433,CUST-00361,PROD-0004,2025-10-27,4,44.99,Credit Card,Delivered
ORD-01434,CUST-00259,PROD-0023,2025-10-27,3,19.50,Credit Card,Delivered
ORD-01435,CUST-00062,PROD-0014,2025-10-27,2,179.00,Klarna,Delivered
ORD-01518,CUST-00083,PROD-0001,2025-11-07,2,59.99,Credit Card,Delivered
ORD-01436,CUST-00154,PROD-0040,2025-10-28,3,27.50,Credit Card,Delivered
ORD-01437,CUST-00243,PROD-0045,2025-10-28,2,13.99,Debit Card,Delivered
ORD-01438,CUST-00072,PROD-0035,2025-10-28,1,18.99,Debit Card,Delivered
ORD-01439,CUST-00161,PROD-0014,2025-10-28,2,179.00,Credit Card,Complete
ORD-01440,CUST-00031,PROD-0037,2025-10-28,1,16.99,Apple Pay,Refunded
ORD-01441,CUST-00390,PROD-0043,2025-10-28,1,34.99,Credit Card,Delivered
ORD-01442,CUST-00087,PROD-0041,2025-10-28,1,12.99,Credit Card,Delivered
ORD-01443,,PROD-0040,2025-10-29,1,27.50,Credit Card,Delivered
ORD-01444,CUST-00326,PROD-0043,2025-10-29,3,34.99,Apple Pay,Delivered
ORD-01445,CUST-00005,PROD-0017,2025-10-29,1,55.00,Debit Card,Delivered
ORD-01446,CUST-00414,PROD-0016,2025-10-29,3,21.99,,Delivered
ORD-01447,CUST-00186,PROD-0043,2025-10-29,1,34.99,Credit Card,Delivered
ORD-01448,CUST-00444,PROD-0018,2025-10-29,1,79.99,Debit Card,Delivered
ORD-01449,CUST-00439,PROD-0013,2025-10-29,1,18.50,Credit Card,Returned
ORD-01450,CUST-00278,PROD-0048,2025-10-30,1,9.49,Credit Card,Delivered
ORD-01451,CUST-00477,PROD-0048,2025-10-30,2,9.49,Debit Card,Cancelled
ORD-01452,CUST-00163,PROD-0007,2025-10-30,1,89.99,Credit Card,Delivered
ORD-01453,CUST-00478,PROD-0013,2025-10-30,1,18.50,Credit Card,Delivered
ORD-01454,CUST-00219,PROD-0026,2025-10-31,1,74.99,Klarna,Returned
ORD-01455,CUST-00201,PROD-0011,2025-10-31,2,64.00,PayPal,Delivered
ORD-01456,CUST-00126,PROD-0042,2025-11-01,1,26.99,Credit Card,Cancelled
ORD-01457,CUST-00439,PROD-0025,2025-11-01,3,17.99, Credit Card,Delivered
ORD-01458,CUST-00426,PROD-0046,2025-11-01,1,17.99,Debit Card,Delivered
ORD-01459,CUST-00360,PROD-0049,2025-11-01,3,29.99,Credit Card,Delivered
ORD-01460,CUST-00196,PROD-0032,2025-11-01,1,14.99,Debit Card,Delivered
ORD-01461,CUST-00042,PROD-0026,2025-11-01,2,74.99,Klarna,Delivered
ORD-01462,CUST-00492,PROD-0027,2025-11-01,2,99.00,Gift Card,Delivered
ORD-01463,CUST-00138,PROD-0049,2025-11-01,1,29.99,Debit Card,Delivered 
ORD-01464,CUST-00312,PROD-0017,2025-11-01,2,55.00,Credit Card,Delivered
ORD-01465,CUST-00202,PROD-0023,2025-11-01,1,19.50,Debit Card,Refunded
ORD-01466,CUST-00074,PROD-0014,2025-11-01,1,179.00,Apple Pay,Cancelled
ORD-01467,CUST-00409,PROD-0045,01-11-2025,1,13.99,Debit Card,Returned
ORD-01468,CUST-00425,PROD-0008,2025-11-02,1,94.99,Debit Card,Delivered
ORD-01469,CUST-00111,PROD-0032,2025-11-02,1,14.99,Debit Card,Cancelled
ORD-01470,CUST-00241,PROD-0009,2025-11-02,3,32.50,PayPal,Delivered
ORD-01471,CUST-00195,PROD-0048,2025-11-02,1,9.49,Credit Card,Delivered
ORD-01472,CUST-00262,PROD-0007,2025-11-02,1,89.99,Credit Card,Delivered
ORD-01473,CUST-00482,PROD-0021,2025-11-03,2,38.00,Credit Card,Delivered
ORD-01474,CUST-00439,PROD-0020,2025-11-03,1,89.00,PayPal,Delivered
ORD-01475,CUST-00067,PROD-0008,2025-11-03,1,94.99,Credit Card,Delivered
ORD-01476,CUST-00149,PROD-0023,2025-11-03,3,19.50,Credit Card,Delivered
ORD-01477,CUST-00354,PROD-0022,2025-11-03,3,12.99,Debit Card,Delivered
ORD-01478,CUST-00300,PROD-0035,2025-11-03,1,18.99,Credit Card,Delivered
ORD-01479,CUST-00338,PROD-0006,2025-11-03,1,14.99,PayPal,Delivered
ORD-01480,CUST-00395,PROD-0048,2025-11-03,1,9.49,Credit Card,Delivered
ORD-01481,CUST-00351,PROD-0016,2025-11-03,2,21.99,PayPal,Delivered
ORD-01482,CUST-00115,PROD-0041,2025-11-03,1,12.99,PayPal,Delivered
ORD-01483,CUST-00257,PROD-0044,2025-11-03,1,42.00,PayPal,Delivered
ORD-01484,CUST-00472,PROD-0048,2025-11-03,1,9.49,Debit Card,Delivered
ORD-01485,CUST-00074,PROD-0043,2025-11-03,2,34.99,Debit Card,Delivered
ORD-01486,CUST-00440,PROD-0046,2025-11-04,1,17.99,PayPal,DELIVERED
ORD-01487,CUST-00434,PROD-0013,2025-11-04,2,18.50,Apple Pay,Delivered
ORD-01488,CUST-00014,PROD-0045,2025-11-04,3,13.99,Debit Card,Delivered
ORD-01489,CUST-00265,PROD-0017,2025-11-04,2,55.00,PayPal,Delivered
ORD-01490,CUST-00287,PROD-0022,2025-11-04,2,12.99,Credit Card,Delivered
ORD-01491,CUST-00460,PROD-0046,2025-11-04,3,17.99,Debit Card,Delivered
ORD-01492,CUST-00386,PROD-0024,2025-11-04,1,19.99,Debit Card,Delivered
ORD-01493,CUST-00295,PROD-0001,2025-11-04,4,59.99,PayPal,Delivered
ORD-01494,CUST-00122,PROD-0017,2025-11-04,5,55.00,Credit Card,Delivered
ORD-01495,CUST-00007,PROD-0008,2025-11-04,1,94.99,Credit Card,Delivered
ORD-01496,CUST-00224,PROD-0021,2025-11-05,3,38.00,PayPal,Delivered
ORD-01497,CUST-00428,PROD-0014,2025-11-05,1,179.00,PayPal,Delivered
ORD-01498,CUST-00487,PROD-0017,2025-11-05,2,55.00,Debit Card,Delivered
ORD-01499,CUST-00020,PROD-0023,2025-11-05,1,19.50,CREDIT CARD,Delivered
ORD-01500,CUST-00417,PROD-0041,2025-11-05,1,12.99,PayPal,Delivered
ORD-01501,CUST-00106,PROD-0001,2025-11-05,2,59.99,PayPal,Delivered
ORD-01502,CUST-00144,PROD-0002,2025-11-05,2,24.99,Credit Card,Delivered
ORD-01503,CUST-00216,PROD-0048,2025-11-05,2,9.49,Debit Card,Delivered
ORD-01504,CUST-00048,PROD-0002,2025-11-05,3,24.99,Credit Card,Delivered
ORD-01505,CUST-00403,PROD-0023,2025-11-05,1,19.50,Debit Card,Delivered
ORD-01506,CUST-00377,PROD-0014,2025-11-05,1,179.00,Debit Card,Delivered
ORD-01507,CUST-00097,PROD-0026,2025-11-05,1,74.99,Debit Card,Delivered
ORD-01508,CUST-00121,PROD-0043,2025-11-06,4,34.99,PayPal,Delivered
ORD-01509,CUST-00395,PROD-0035,2025-11-06,5,18.99,Gift Card,Delivered
ORD-01510,CUST-00050,PROD-0034,2025-11-06,1,29.99,Debit Card,Delivered
ORD-01511,CUST-00102,PROD-0049,2025-11-06,1,29.99,Credit Card,Delivered 
ORD-01512,CUST-00317,PROD-0041,2025-11-06,2,12.99,Debit Card,Delivered
ORD-01513,CUST-00224,PROD-0041,2025-11-06,3,12.99,Debit Card,Delivered
ORD-01514,CUST-00069,PROD-0044,2025-11-06,2,42.00,Credit Card,Delivered
ORD-01515,CUST-00432,PROD-0050,2025-11-06,1,21.00,Credit Card,Delivered
ORD-01516,CUST-00227,PROD-0017,2025-11-06,2,55.00,Apple Pay,Delivered
ORD-01517,CUST-00162,PROD-0048,2025-11-06,2,9.49,Apple Pay,Delivered
ORD-01518,CUST-00083,PROD-0001,2025-11-07,2,59.99,Credit Card,Delivered
ORD-01519,CUST-00041,PROD-0007,2025-11-07,1,89.99,Apple Pay,Delivered
ORD-01520,CUST-00467,PROD-0041,2025-11-07,1,12.99,Credit Card,Refunded
ORD-01521,CUST-00111,PROD-0045,2025-11-07,1,13.99,Apple Pay,Delivered
ORD-01522,CUST-00389,PROD-0038,2025-11-07,1,34.99,Credit Card,Delivered
ORD-01523,CUST-00349,PROD-0035,07-11-2025,1,18.99,Debit Card,Delivered
ORD-01524,CUST-00247,PROD-0022,2025-11-07,1,12.99,Debit Card,Delivered
ORD-01525,CUST-00250,PROD-0004,2025-11-07,1,44.99,Credit Card,Delivered
ORD-01526,CUST-00332,PROD-0012,2025-11-07,1,15.99,PayPal,Delivered
ORD-01527,CUST-00386,PROD-0034,2025-11-07,1,29.99,Credit Card,Delivered
ORD-01528,CUST-00296,PROD-0038,2025-11-07,1,34.99,Debit Card,Delivered
ORD-01529,CUST-00472,PROD-0046,2025-11-07,1,17.99,Debit Card,Delivered
ORD-01530,CUST-00012,PROD-0026,08/11/2025,2,74.99,Credit Card,Delivered
ORD-01531,CUST-00326,PROD-0024,2025-11-08,1,19.99,Debit Card,Delivered
ORD-01532,CUST-00354,PROD-0027,2025-11-08,4,99.00,Credit Card,Delivered
ORD-01533,CUST-00455,PROD-0008,2025-11-08,1,94.99,Debit Card,Refunded
ORD-01534,CUST-00038,PROD-0002,2025-11-08,1,24.99,PayPal,Delivered
ORD-01535,CUST-00341,PROD-0024,2025-11-08,1,19.99,Debit Card,Delivered
ORD-01536,CUST-00444,PROD-0007,2025-11-08,1,89.99,Apple Pay,Delivered
ORD-01537,CUST-00234,PROD-0042,2025-11-09,2,26.99,Debit Card,Delivered
ORD-01538,CUST-00440,PROD-0021,2025-11-09,3,38.00,Debit Card,Cancelled
ORD-01539,CUST-00426,PROD-0018,2025-11-09,1,79.99,Credit Card,Delivered
ORD-01540,CUST-00146,PROD-0025,2025-11-09,2,17.99,Credit Card,Cancelled
ORD-01541,CUST-00445,PROD-0048,2025-11-09,3,9.49,Credit Card,Delivered
ORD-01542,CUST-00053,PROD-0043,2025-11-09,1,34.99,PayPal,Delivered
ORD-01543,CUST-00468,PROD-0050,2025-11-09,2,21.00,Debit Card,Refunded
ORD-01544,CUST-00474,PROD-0016,2025-11-09,3,21.99,Gift Card,Delivered
ORD-01545,CUST-00141,PROD-0041,2025-11-09,1,12.99,Credit Card,Delivered
ORD-01546,CUST-00205,PROD-0033,2025-11-09,3,24.00,Credit Card,Refunded
ORD-01547,CUST-00393,PROD-0050,2025-11-10,1,21.00,Debit Card,Delivered
ORD-01548,CUST-00182,PROD-0026,2025-11-10,1,74.99,Credit Card,Delivered
ORD-01549,CUST-00452,PROD-0019,2025-11-10,1,24.00,Credit Card,Delivered
ORD-01550,CUST-00468,PROD-0018,2025-11-10,1,79.99,Credit Card,Delivered
ORD-01551,CUST-00423,PROD-0032,2025-11-10,1,14.99,Apple Pay,Delivered
ORD-01552,CUST-00268,PROD-0005,2025-11-10,1,129.00,PayPal,Delivered
ORD-01553,CUST-00121,PROD-0029,2025-11-11,1,13.49,Credit Card,Delivered
ORD-01554,CUST-00276,PROD-0009,2025-11-11,1,32.50,PayPal,Delivered
ORD-01555,CUST-00349,PROD-0014,2025-11-11,1,179.00,Credit Card,Returned
ORD-01556,CUST-00166,PROD-0016,2025-11-11,1,21.99,Credit Card,Cancelled
ORD-01557,CUST-00050,PROD-0002,11/11/2025,1,24.99,Debit Card,Delivered
ORD-01558,CUST-00095,PROD-0026,2025-11-11,1,74.99,Apple Pay,Delivered
ORD-01559,CUST-00033,PROD-0047,2025-11-11,2,23.99,Debit Card,Delivered
ORD-01560,CUST-00165,PROD-0050,2025-11-12,2,21.00,PayPal,Refunded
ORD-01561,CUST-00395,PROD-0029,2025-11-12,2,13.49,Credit Card,Delivered
ORD-01562,CUST-00006,PROD-0042,2025-11-12,1,26.99,Debit Card,Delivered
ORD-01563,CUST-00005,PROD-0010,2025-11-12,1,22.99,Debit Card,Delivered
ORD-01564,CUST-00244,PROD-0012,2025-11-12,3,15.99,PayPal,Delivered
ORD-01565,CUST-00055,PROD-0046,2025-11-12,3,17.99,Credit Card,Refunded
ORD-01566,CUST-00356,PROD-0004,2025-11-12,1,44.99,Apple Pay,Cancelled
ORD-01567,CUST-00197,PROD-0040,12/11/2025,1,27.50,PayPal,Delivered
ORD-01568,CUST-00247,PROD-0048,2025-11-12,2,9.49,Credit Card,Delivered
ORD-01569,CUST-00101,PROD-0011,12/11/2025,1,64.00,Credit Card,Delivered
ORD-01570,CUST-00439,PROD-0046,2025-11-13,2,17.99,Debit Card,Returned
ORD-01571,CUST-00328,PROD-0002,2025-11-13,1,24.99,Credit Card,Delivered
ORD-01572,CUST-00445,PROD-0046,2025-11-13,5,17.99,Apple Pay,Delivered
ORD-01573,CUST-00326,PROD-0030,2025-11-13,1,27.99,Klarna,Delivered
ORD-01574,CUST-00142,PROD-0048,2025-11-13,4,9.49,Credit Card,Delivered
ORD-01575,CUST-00324,PROD-0019,2025-11-13,4,24.00,Credit Card,Cancelled
ORD-01576,CUST-00050,PROD-0043,2025-11-13,1,34.99,Debit Card,Cancelled
ORD-01577,CUST-00099,PROD-0043,2025-11-13,2,34.99,Apple Pay,Delivered
ORD-01578,CUST-00468,PROD-0004,2025-11-13,2,44.99,Credit Card,Delivered
ORD-01579,CUST-00480,PROD-0026,2025-11-13,2,74.99,Apple Pay,Delivered
ORD-01580,CUST-00190,PROD-0017,2025-11-14,1,55.00,PayPal,Delivered
ORD-01581,CUST-00288,PROD-0013,2025-11-14,1,18.50,Credit Card,Delivered
ORD-01582,CUST-00081,PROD-0045,2025-11-14,2,13.99,,Refunded
ORD-01583,CUST-00158,PROD-0013,2025-11-14,2,18.50,PayPal,Delivered
ORD-01584,CUST-00092,PROD-0046,2025-11-14,1,17.99,Credit Card,Refunded
ORD-01585,CUST-00225,PROD-0023,2025-11-14,2,19.50,Debit Card,Delivered
ORD-01586,CUST-00033,PROD-0026,2025-11-14,3,74.99,Debit Card,Delivered
ORD-01587,CUST-00127,PROD-0040,2025-11-14,1,27.50,PayPal,Delivered
ORD-01588,CUST-00417,PROD-0041,2025-11-14,2,12.99,Credit Card,Returned
ORD-01589,CUST-00328,PROD-0006,2025-11-14,2,14.99,Credit Card,Delivered
ORD-01590,CUST-00496,PROD-0002,2025-11-14,1,24.99,Apple Pay,Delivered
ORD-01591,CUST-00205,PROD-0029,2025-11-14,1,13.49,Debit Card,Delivered
ORD-01592,CUST-00309,PROD-0040,2025-11-14,1,27.50,Debit Card,Delivered
ORD-01593,CUST-00038,PROD-0021,2025-11-15,1,38.00,Credit Card,Delivered
ORD-01594,CUST-00246,PROD-0027,2025-11-15,1,99.00,Debit Card,Delivered
ORD-01595,CUST-00423,PROD-0023,2025-11-15,,19.50,Apple Pay,Cancelled
ORD-01596,CUST-00473,PROD-0045,2025-11-15,1,13.99,Klarna,Delivered
ORD-01597,CUST-00326,PROD-0048,2025-11-15,1,9.49,Apple Pay,Delivered
ORD-01598,CUST-00127,PROD-0046,2025-11-15,1,17.99,Klarna,Delivered
ORD-01599,CUST-00199,PROD-0022,2025-11-15,1,12.99,Debit Card,Delivered
ORD-01600,CUST-00362,PROD-0048,2025-11-15,1,9.49,Credit Card,Cancelled
ORD-01601,CUST-00432,PROD-0007,2025-11-16,2,89.99,Credit Card,Delivered
ORD-01602,CUST-00064,PROD-0017,2025-11-16,3,55.00,Debit Card,Delivered
ORD-01603,CUST-00386,PROD-0042,2025-11-16,1,26.99,Debit Card,Delivered
ORD-01604,CUST-00189,PROD-0046,2025-11-16,1,17.99,PayPal,Delivered
ORD-01605,CUST-00234,PROD-0040,2025-11-16,1,27.50,Debit Card,Delivered
ORD-01606,CUST-00170,PROD-0043,2025-11-16,3,34.99,Debit Card,Delivered
ORD-01607,CUST-00201,PROD-0007,2025-11-16,1,89.99,Klarna,Delivered
ORD-01608,CUST-00226,PROD-0041,2025-11-16,1,12.99,Apple Pay,Cancelled
ORD-01609,CUST-00336,PROD-0043,2025-11-16,2,34.99,Credit Card,Delivered
ORD-01610,CUST-00234,PROD-0029,16/11/2025,1,13.49,Credit Card,Delivered
ORD-01611,CUST-00021,PROD-0041,2025-11-17,1,12.99,Debit Card,Delivered
ORD-01612,CUST-00005,PROD-0023,2025-11-17,1,19.50,Debit Card,Delivered
ORD-01613,CUST-00070,PROD-0029,2025-11-17,1,13.49,Debit Card,Cancelled
ORD-01614,CUST-00138,PROD-0050,2025-11-17,2,21.00,Debit Card,Delivered
ORD-01615,CUST-00496,PROD-0042,2025-11-17,1,26.99,Debit Card,Returned
ORD-01616,CUST-00447,PROD-0018,2025-11-17,2,79.99,Debit Card,Delivered
ORD-01617,CUST-00403,PROD-0048,2025-11-17,1,9.49,Credit Card,Returned
ORD-01618,CUST-00083,PROD-0038,2025-11-17,3,34.99,Credit Card,Delivered
ORD-01619,CUST-00366,PROD-0018,2025-11-18,1,79.99,Debit Card,Delivered
ORD-01620,CUST-00138,PROD-0042,2025-11-18,2,26.99,Klarna,Delivered
ORD-01621,CUST-00344,PROD-0049,2025-11-18,1,29.99,PayPal,Delivered
ORD-01622,CUST-00455,PROD-0048,2025-11-18,1,9.49,Credit Card,Delivered
ORD-01623,CUST-00162,PROD-0023,2025-11-18,2,19.50,Credit Card,Delivered
ORD-01624,CUST-00116,PROD-0028,2025-11-18,1,9.99,Debit Card,Delivered
ORD-01625,CUST-00046,PROD-0035,2025-11-18,1,18.99,PayPal,Refunded
ORD-01626,CUST-00390,PROD-0002,2025-11-18,1,24.99,Debit Card,Delivered
ORD-01627,CUST-00446,PROD-0027,2025-11-18,1,99.00,PayPal,Refunded
ORD-01628,CUST-00491,PROD-0035,18/11/2025,2,18.99,PayPal,Delivered
ORD-01629,CUST-00116,PROD-0039,2025-11-19,2,7.49,Credit Card,Cancelled
ORD-01632,CUST-00120,PROD-0019,2025-11-19,1,24.00,Debit Card,Delivered
ORD-01630,CUST-00404,PROD-0046,2025-11-19,3,17.99,Klarna,Delivered
ORD-01631,CUST-00152,PROD-0006,2025-11-19,4,14.99,Credit Card,Delivered
ORD-01632,CUST-00120,PROD-0019,2025-11-19,1,24.00,Debit Card,Delivered
ORD-01633,CUST-00199,PROD-0029,2025-11-19,2,13.49,PayPal,Delivered
ORD-01634,CUST-00347,PROD-0010,2025-11-19,1,22.99,Debit Card,Cancelled
ORD-01635,CUST-00417,PROD-0048,2025-11-19,1,9.49,Apple Pay,Delivered
ORD-01636,CUST-00033,PROD-0007,2025-11-20,2,89.99,Apple Pay,Delivered
ORD-01637,CUST-00426,PROD-0026,2025-11-20,2,74.99,PayPal,Delivered
ORD-01638,CUST-00030,PROD-0019,2025-11-20,1,24.00,PayPal,Returned
ORD-01639,CUST-00556,PROD-0048,2025-11-20,1,9.49,Apple Pay,Delivered
ORD-01640,CUST-00179,PROD-0002,2025-11-20,2,24.99,Apple Pay,Delivered
ORD-01641,CUST-00068,PROD-0050,2025-11-20,1,21.00,Debit Card,Delivered
ORD-01642,CUST-00119,PROD-0012,2025-11-21,2,15.99,Credit Card,Delivered
ORD-01643,CUST-00330,PROD-0042,2025-11-21,2,26.99,Klarna,Delivered
ORD-01644,CUST-00162,PROD-0026,2025-11-21,1,74.99,PayPal,Cancelled
ORD-01645,CUST-00432,PROD-0041,2025-11-21,2,12.99,Credit Card,Cancelled
ORD-01646,CUST-00162,PROD-0041,2025-11-21,2,12.99,Credit Card,Cancelled
ORD-01647,CUST-00226,PROD-0041,2025-11-21,2,12.99,Credit Card,Refunded
ORD-01648,CUST-00196,PROD-0018,2025-11-21,3,79.99,Credit Card,Delivered
ORD-01649,CUST-00162,PROD-0027,2025-11-21,1,99.00,Debit Card,Delivered
ORD-01650,CUST-00327,PROD-0018,2025-11-22,2,79.99,Klarna,Delivered
ORD-01060,CUST-00020,PROD-0009,2025-08-22,3,32.50,Debit Card,Cancelled
ORD-01651,CUST-00251,PROD-0038,2025-11-22,1,34.99,Credit Card,Delivered
ORD-01652,CUST-00243,PROD-0017,2025-11-22,5,55.00,Klarna,Delivered
ORD-01653,CUST-00122,PROD-0024,2025-11-22,1,19.99,PayPal,Refunded
ORD-01654,CUST-00429,PROD-0031,2025-11-22,1,8.99,Debit Card,Delivered
ORD-01655,CUST-00326,PROD-0043,2025-11-22,-1,34.99,Credit Card,Delivered
ORD-01656,CUST-00302,PROD-0041,2025-11-22,2,12.99,Apple Pay,Refunded
ORD-01657,CUST-00444,PROD-0016,2025-11-22,5,21.99,Credit Card,delivered
ORD-01658,CUST-00278,PROD-0018,2025-11-22,5,79.99,Debit Card,Delivered
ORD-01659,CUST-00390,PROD-0026,2025-11-22,3,74.99,Credit Card,Delivered
ORD-01660,CUST-00477,PROD-0048,2025-11-22,5,9.49,PayPal,Delivered
ORD-01661,CUST-00378,PROD-0029,2025-11-23,1,13.49,Apple Pay,Refunded
ORD-01662,CUST-00196,PROD-0038,2025-11-23,1,34.99,Credit Card,Returned
ORD-01663,CUST-00335,PROD-0045,2025-11-23,3,13.99,Debit Card,Delivered
ORD-01664,CUST-00106,PROD-0048,2025-11-23,4,9.49,Credit Card,Delivered
ORD-01665,CUST-00033,PROD-0041,2025-11-23,2,12.99,Credit Card,Delivered
ORD-01666,CUST-00055,PROD-0021,2025-11-23,1,38.00,Credit Card,Delivered
ORD-01667,CUST-00328,PROD-0009,2025-11-23,1,32.50,Credit Card,Returned
ORD-01668,CUST-00126,PROD-0014,2025-13-01,1,179.00,Klarna,Returned
ORD-01669,CUST-00162,PROD-0043,2025-11-23,1,34.99,Credit Card,Delivered
ORD-01670,CUST-00131,PROD-0043,2025-11-23,1,34.99,Debit Card,Delivered
ORD-01671,CUST-00122,PROD-0021,2025-11-23,1,38.00,Credit Card,Delivered
ORD-01672,,PROD-0017,2025-11-24,1,55.00,Gift Card,Cancelled
ORD-01673,CUST-00351,PROD-0026,2025-11-24,1,74.99,PayPal,Delivered
ORD-01674,CUST-00134,PROD-0002,2025-11-24,2,24.99,Debit Card,Delivered
ORD-01675,CUST-00386,PROD-0046,2025-11-24,5,17.99,Credit Card,Delivered
ORD-01676,CUST-00069,PROD-0049,2025-11-24,1,29.99,PayPal,Delivered
ORD-01677,CUST-00395,PROD-0085,2025-11-24,2,12.99,Apple Pay,Delivered
ORD-01678,CUST-00402,PROD-0040,2025-11-24,1,27.50,Credit Card,Delivered
ORD-01679,CUST-00193,PROD-0006,2025-11-25,1,14.99,Credit Card,Delivered
ORD-01680,CUST-00051,PROD-0046,25-11-2025,1,17.99,Credit Card,Delivered
ORD-01681,CUST-00745,PROD-0022,2025-11-25,2,12.99,Debit Card,Cancelled
ORD-01682,CUST-00199,PROD-0039,2025-11-25,4,7.49,Debit Card,Delivered
ORD-01683,CUST-00023,PROD-0039,2025-11-25,1,7.49,Debit Card,Delivered
ORD-01684,CUST-00090,PROD-0041,2025-11-25,1,12.99,PayPal,Refunded
ORD-01685,CUST-00180,PROD-0030,2025-11-25,1,27.99,Credit Card,Delivered
ORD-01686,CUST-00390,PROD-0017,2025-11-25,1,55.00,Credit Card,Delivered
ORD-01687,CUST-00323,PROD-0049,2025-11-25,1,29.99,Gift Card,Delivered
ORD-01688,CUST-00183,PROD-0048,2025-11-25,3,9.49,Debit Card,Delivered
ORD-01689,CUST-00124,PROD-0017,2025-11-25,2,55.00,PayPal,Delivered
ORD-01690,CUST-00414,PROD-0044,2025-11-26,1,42.00,PayPal,Delivered
ORD-01691,CUST-00239,PROD-0042,2025-11-26,1,26.99,Credit Card,Refunded
ORD-01692,CUST-00215,PROD-0002,2025-11-26,2,24.99,PayPal,Delivered
ORD-01693,CUST-00062,PROD-0040,2025-11-26,4,27.50,Credit Card,Delivered
ORD-01694,CUST-00401,PROD-0035,2025-11-26,1,18.99,PayPal,Delivered
ORD-01695,CUST-00365,PROD-0046,2025-11-26,1,17.99,Debit Card,Delivered
ORD-01696,CUST-00439,PROD-0043,2025-11-26,1,34.99,Debit Card,Refunded
ORD-01697,CUST-00402,PROD-0050,2025-11-26,3,21.00,Apple Pay,Delivered
ORD-01698,CUST-00276,PROD-0027,2025-11-26,2,99.00,Credit Card,Delivered
ORD-01699,CUST-00488,PROD-0012,2025-11-26,1,15.99,Credit Card,Delivered
ORD-01700,CUST-00083,PROD-0038,2025-11-26,2,34.99,Credit Card,Delivered
ORD-01701,CUST-00210,PROD-0048,2025-11-26,5,9.49,Credit Card,Delivered
ORD-01702,CUST-00253,PROD-0002,2025-11-27,2,24.99,Debit Card,Delivered
ORD-01703,CUST-00477,PROD-0046,2025-11-27,2,17.99,Debit Card,Delivered
ORD-01704,CUST-00044,PROD-0002,2025-11-27,3,24.99,Credit Card,Returned
ORD-01705,CUST-00264,PROD-0024,2025-11-27,1,19.99,Debit Card,Delivered
ORD-01706,CUST-00413,PROD-0033,2025-11-27,4,24.00,Apple Pay,Cancelled
ORD-01707,CUST-00152,PROD-0015,2025-11-27,2,84.99,Debit Card,Delivered
ORD-01708,CUST-00008,PROD-0029,2025-11-27,1,13.49,PayPal,Delivered
ORD-01709,CUST-00412,PROD-0026,2025-11-27,1,74.99,Credit Card,Delivered
ORD-01710,CUST-00335,PROD-0014,2025-11-27,4,179.00,PayPal,Delivered
ORD-01711,CUST-00309,PROD-0036,2025-11-27,1,11.50,Apple Pay,Delivered
ORD-01712,CUST-00368,PROD-0001,2025-11-28,1,59.99,Debit Card,Delivered
ORD-01713,CUST-00473,PROD-0024,2025-11-28,1,19.99,PayPal,Cancelled
ORD-01714,CUST-00362,PROD-0005,2025-11-28,1,129.00,Debit Card,Delivered
ORD-01715,CUST-00359,PROD-0042,2025-11-28,1,26.99,Credit Card,Delivered
ORD-01716,CUST-00073,PROD-0026,2025-11-28,1,74.99,Apple Pay,Delivered
ORD-01717,CUST-00444,PROD-0004,2025-11-29,1,44.99,Credit Card,Delivered
ORD-01718,CUST-00151,PROD-0030,2025-11-29,1,27.99,,Delivered
ORD-01719,CUST-00351,PROD-0037,2025-11-29,1,16.99,Debit Card,Delivered
ORD-01720,CUST-00468,PROD-0009,2025-11-29,1,32.50,Debit Card,Returned
ORD-01721,CUST-00044,PROD-0046,2025-11-29,2,17.99,Credit Card,Delivered
ORD-01722,CUST-00024,PROD-0040,2025-11-29,1,27.50,Credit Card,Delivered
ORD-01723,CUST-00483,PROD-0036,2025-11-29,3,11.50,Credit Card,Delivered
ORD-01724,CUST-00284,PROD-0023,2025-11-29,1,19.50,Credit Card,Returned
ORD-01725,CUST-00083,PROD-0004,2025-11-29,1,44.99,Credit Card,Returned
ORD-01726,CUST-00122,PROD-0041,2025-11-29,2,12.99,Apple Pay,Delivered
ORD-01851,CUST-00318,PROD-0049,2025-12-13,1,29.99,credit card,Delivered
ORD-01727,CUST-00102,PROD-0040,2025-11-29,2,27.50,Debit Card,Delivered
ORD-01728,CUST-00326,PROD-0008,2025-11-30,1,94.99,Debit Card,Delivered
ORD-01729,CUST-00019,PROD-0046,2025-11-30,1,17.99,Klarna,Delivered
ORD-01730,CUST-00358,PROD-0001,2025-11-30,1,59.99,PayPal,Delivered
ORD-01731,CUST-00179,PROD-0023,2025-11-30,1,19.50,Credit Card,Returned
ORD-01732,CUST-00083,PROD-0046,2025-11-30,1,17.99,Apple Pay,Refunded
ORD-01733,CUST-00401,PROD-0031,2025-11-30,1,8.99,Gift Card,Delivered
ORD-01734,CUST-00122,PROD-0041,2025-11-30,1,12.99,Debit Card,Delivered
ORD-01735,CUST-00230,PROD-0017,2025-11-30,1,55.00,Debit Card,Delivered
ORD-01736,CUST-00398,PROD-0042,2025-11-30,2,26.99,PayPal,Delivered
ORD-01737,CUST-00170,PROD-0048,2025-11-30,1,9.49,Credit Card,Delivered
ORD-01738,CUST-00234,PROD-0002,2025-11-30,1,24.99,Apple Pay,Refunded
ORD-01739,CUST-00381,PROD-0046,2025-12-01,1,17.99,Apple Pay,Delivered
ORD-01740,CUST-00407,PROD-0046,2025-12-01,1,17.99,Debit Card,Returned
ORD-01741,CUST-00196,PROD-0049,2025-12-01,2,29.99,Debit Card,Delivered
ORD-01742,CUST-00051,PROD-0049,2025-12-01,1,29.99,PayPal,Delivered
ORD-01743,CUST-00083,PROD-0037,2025-12-01,1,16.99,debit card,Delivered
ORD-01744,CUST-00230,PROD-0043,2025-12-02,2,34.99,Credit Card,Delivered
ORD-01745,CUST-00276,PROD-0027,2025-12-02,4,99.00,PayPal,cancelled
ORD-01746,CUST-00247,PROD-0040,2025-12-02,3,27.50,,Delivered
ORD-01747,CUST-00478,PROD-0026,2025-12-03,4,74.99,Credit Card,Refunded
ORD-01748,CUST-00300,PROD-0046,2025-12-03,1,17.99,Debit Card,Cancelled
ORD-01749,CUST-00448,PROD-0038,2025-12-03,1,34.99,Credit Card,Delivered
ORD-01750,CUST-00390,PROD-0012,2025-12-03,3,15.99,PayPal,Delivered
ORD-01751,CUST-00187,PROD-0045,2025-12-03,2,13.99,Debit Card,Delivered
ORD-01752,CUST-00367,PROD-0046,2025-12-03,1,17.99,Debit Card,Delivered
ORD-01753,CUST-00707,PROD-0016,2025-12-03,2,21.99,Apple Pay,Delivered
ORD-01754,CUST-00057,PROD-0006,2025-12-03,1,14.99,PayPal,Delivered
ORD-01755,CUST-00390,PROD-0004,2025-12-03,1,44.99,PayPal,Delivered
ORD-01756,CUST-00472,PROD-0050,2025-12-03,2,21.00,Debit Card,Delivered
ORD-01757,CUST-00375,PROD-0029,2025-12-03,1,13.49,Credit Card,Returned
ORD-01758,CUST-00323,PROD-0026,2025-12-03,1,74.99,Apple Pay,Delivered
ORD-01759,CUST-00130,PROD-0024,2025-12-03,1,19.99,Credit Card,Delivered
ORD-01760,CUST-00043,PROD-0029,2025-12-03,2,13.49,PayPal,Delivered
ORD-01761,CUST-00053,PROD-0008,2025-12-04,1,94.99,Gift Card,Refunded
ORD-01762,CUST-00363,PROD-0016,2025-12-04,1,21.99,Debit Card,Cancelled
ORD-01763,CUST-00254,PROD-0030,2025-12-04,1,27.99,PayPal,Delivered
ORD-01764,CUST-00215,PROD-0046,2025-12-04,2,17.99,PayPal,Returned
ORD-01765,CUST-00395,PROD-0016,2025-12-04,2,21.99,Credit Card,Delivered
ORD-01766,CUST-00062,PROD-0024,2025-12-04,2,19.99,Debit Card,Delivered
ORD-01767,CUST-00230,PROD-0024,2025-12-04,1,19.99,Debit Card,Delivered
ORD-01768,CUST-00156,PROD-0045,2025-12-04,1,13.99,Debit Card,Delivered
ORD-01769,CUST-00432,PROD-0028,2025-12-04,2,9.99,Debit Card,Delivered
ORD-01770,CUST-00444,PROD-0048,2025-12-04,2,9.49,Credit Card,Delivered
ORD-01771,CUST-00038,PROD-0042,2025-12-05,3,26.99,Credit Card,Refunded
ORD-01772,CUST-00201,PROD-0043,2025-12-05,1,34.99,Apple Pay,Returned
ORD-01773,CUST-00140,PROD-0005,2025-12-05,1,129.00,PayPal,Delivered
ORD-01774,CUST-00004,PROD-0048,2025-12-05,1,9.49,Apple Pay,Delivered
ORD-01775,CUST-00395,PROD-0017,2025-12-05,1,55.00,Credit Card,Delivered
ORD-01776,CUST-00287,PROD-0018,2025-12-05,3,79.99,Credit Card,Refunded
ORD-01777,CUST-00414,PROD-0014,2025-12-05,1,179.00,Debit Card,Delivered
ORD-01778,CUST-00124,PROD-0020,2025-12-05,1,89.00,Debit Card,Delivered
ORD-01779,CUST-00214,PROD-0028,05-12-2025,1,9.99,Credit Card,Delivered
ORD-01780,CUST-00134,PROD-0041,2025-12-05,1,12.99,Credit Card,Delivered
ORD-01781,CUST-00224,PROD-0024,2025-12-05,2,19.99,Klarna,Delivered
ORD-01782,CUST-00077,PROD-0040,2025-12-06,1,27.50,Klarna,Cancelled
ORD-01783,CUST-00335,PROD-0029,2025-12-06,1,13.49,Credit Card,Delivered
ORD-01784,CUST-00307,PROD-0009,2025-12-06,1,32.50,Credit Card,Delivered
ORD-01785,CUST-00165,PROD-0038,2025-12-06,1,34.99,Klarna,Refunded
ORD-01786,CUST-00129,PROD-0026,2025-12-06,1,74.99,Debit Card,Delivered
ORD-01787,CUST-00401,PROD-0041,2025-12-06,2,12.99,Apple Pay,Returned
ORD-01788,CUST-00227,PROD-0012,2025-12-06,1,15.99,Credit Card,Delivered
ORD-01789,CUST-00139,PROD-0048,2025-12-07,1,9.49,Credit Card,Refunded
ORD-01790,CUST-00472,PROD-0046,2025-12-07,1,17.99,Credit Card,Refunded
ORD-01791,CUST-00386,PROD-0026,2025-12-07,1,74.99,Debit Card,Delivered
ORD-01792,CUST-00101,PROD-0012,2025-12-07,3,15.99,Credit Card,Delivered
ORD-01793,CUST-00065,PROD-0049,2025-12-07,2,29.99,Debit Card,Delivered
ORD-01794,CUST-00455,PROD-0040,2025-12-07,1,27.50,PayPal,Delivered
ORD-01795,CUST-00198,PROD-0008,2025-12-07,1,94.99,Debit Card,Delivered
ORD-01796,CUST-00296,PROD-0007,2025-12-07,1,89.99,Credit Card,Returned
ORD-01797,CUST-00044,PROD-0021,2025-12-07,1,38.00,Debit Card,Delivered
ORD-01798,CUST-00113,PROD-0026,2025-12-07,1,74.99,Debit Card,Delivered
ORD-01799,CUST-00440,PROD-0009,2025-12-07,4,32.50,Apple Pay,CANCELLED
ORD-01800,CUST-00368,PROD-0015,2025-12-07,1,84.99,Credit Card,Delivered
ORD-01801,CUST-00239,PROD-0044,2025-12-08,4,42.00,Credit Card,Cancelled
ORD-01802,CUST-00111,PROD-0017,2025-12-08,1,55.00,Credit Card,Delivered
ORD-01803,CUST-00193,PROD-0025,2025-12-08,1,17.99,Debit Card,Delivered
ORD-01804,CUST-00224,PROD-0001,2025-12-08,1,59.99,Debit Card,Delivered
ORD-01805,CUST-00095,PROD-0016,2025-12-08,2,21.99,Klarna,Delivered
ORD-01806,CUST-00241,PROD-0005,2025-12-08,4,129.00,Debit Card,Delivered
ORD-01807,CUST-00340,PROD-0034,2025-12-08,1,29.99,Credit Card,Delivered
ORD-01808,CUST-00115,PROD-0048,2025-12-08,1,9.49,Gift Card,Delivered
ORD-01809,CUST-00070,PROD-0026,2025-12-08,1,74.99,Debit Card,Delivered
ORD-01810,CUST-00072,PROD-0035,09/12/2025,1,18.99,Debit Card,Delivered
ORD-01811,CUST-00074,PROD-0031,2025-12-09,1,8.99,Debit Card,Refunded
ORD-01812,CUST-00112,PROD-0016,2025-12-09,2,21.99,Debit Card,Delivered
ORD-01813,CUST-00221,PROD-0021,2025-12-09,1,38.00,Debit Card,Delivered
ORD-01814,CUST-00005,PROD-0001,2025-12-09,1,59.99,Debit Card,Delivered
ORD-01815,CUST-00491,PROD-0032,2025-12-09,3,14.99,Debit Card,Delivered
ORD-01816,CUST-00062,PROD-0029,2025-12-09,1,13.49,Credit Card,Refunded
ORD-01817,CUST-00042,PROD-0026,2025-12-09,2,74.99,Debit Card, Cancelled
ORD-01818,CUST-00436,PROD-0040,2025-12-09,1,27.50,Credit Card,Returned
ORD-01819,CUST-00427,PROD-0006,2025-12-09,1,14.99,Apple Pay,Cancelled
ORD-01820,CUST-00306,PROD-0017,2025-12-09,1,55.00,Credit Card,Delivered
ORD-01821,CUST-00146,PROD-0026,2025-12-09,1,74.99,Credit Card,Delivered
ORD-01822,CUST-00178,PROD-0041,2025-12-10,3,12.99,,Delivered
ORD-01823,CUST-00126,PROD-0035,2025-12-10,1,18.99,Credit Card,Returned
ORD-01824,CUST-00447,PROD-0041,2025-12-10,2,12.99,PayPal,Delivered
ORD-01825,CUST-00368,PROD-0028,2025-12-10,1,9.99,Credit Card,Delivered
ORD-01826,CUST-00335,PROD-0049,2025-12-10,1,29.99,Debit Card,Delivered
ORD-01827,CUST-00167,PROD-0040,2025-12-10,1,27.50,Debit Card,Delivered
ORD-01828,CUST-00208,PROD-0007,2025-12-10,1,89.99,Debit Card,Delivered
ORD-01829,CUST-00296,PROD-0009,2025-12-10,1,32.50,Debit Card,Delivered
ORD-01830,CUST-00405,PROD-0038,2025-12-10,1,34.99,Klarna,Delivered
ORD-01831,CUST-00326,PROD-0075,2025-12-11,1,17.99,Apple Pay,Delivered
ORD-01832,CUST-00095,PROD-0010,2025-12-11,1,-22.99,Debit Card,Delivered
ORD-01833,CUST-00069,PROD-0048,2025-12-11,4,9.49,Credit Card,Delivered
ORD-01834,CUST-00146,PROD-0046,2025-12-11,2,17.99,Gift Card,Delivered
ORD-01835,CUST-00326,PROD-0021,2025-12-11,2,38.00,PayPal,delivered
ORD-01836,CUST-00156,PROD-0046,2025-12-11,1,17.99,Credit Card,Delivered
ORD-01837,CUST-00295,PROD-0049,2025-12-11,2,29.99,Debit Card,Delivered
ORD-01838,CUST-00432,PROD-0017,2025-12-11,1,55.00,PayPal,Delivered
ORD-01839,CUST-00157,PROD-0024,2025-12-11,2,19.99,Klarna,RETURNED
ORD-01840,CUST-00479,PROD-0018,2025-12-11,2,79.99,Apple Pay,Delivered
ORD-01841,CUST-00186,PROD-0008,2025-12-11,1,94.99,Credit Card,Delivered
ORD-01842,CUST-00338,PROD-0033,2025-12-12,1,24.00,Apple Pay,Delivered
ORD-01843,CUST-00439,PROD-0029,2025-12-12,1,13.49,Credit Card,Delivered
ORD-00172,CUST-00155,PROD-0005,2025-02-20,1,129.00,Klarna,Delivered
ORD-01844,CUST-00110,PROD-0038,2025-12-12,1,34.99,Apple Pay,Delivered
ORD-01845,CUST-00395,PROD-0041,2025-12-12,1,12.99,Debit Card,Delivered
ORD-01846,CUST-00418,PROD-0018,2025-12-12,3,79.99,Credit Card,Delivered
ORD-01847,CUST-00138,PROD-0046,2025-12-13,4,17.99,Debit Card,Refunded
ORD-01848,CUST-00347,PROD-0019,2025-12-13,3,24.00,Apple Pay,Delivered
ORD-01849,CUST-00006,PROD-0017,13/12/2025,1,55.00,Debit Card,Delivered
ORD-01850,CUST-00331,PROD-0047,2025-12-13,1,23.99,Credit Card,Delivered
ORD-01851,CUST-00318,PROD-0049,2025-12-13,1,29.99,Credit Card,Delivered
ORD-01852,CUST-00160,PROD-0035,2025-12-13,1,18.99,Credit Card,Returned
ORD-01853,CUST-00020,PROD-0040,2025-12-14,2,27.50,Debit Card,Delivered
ORD-01854,CUST-00367,PROD-0027,2025-12-14,3,99.00,Debit Card,Delivered
ORD-01855,CUST-00069,PROD-0028,2025-12-14,2,9.99,PayPal,Delivered
ORD-00611,CUST-00214,PROD-0023,2025-05-26,2,19.50,apple pay,Delivered
ORD-01856,CUST-00270,PROD-0026,2025-12-14,2,74.99,Credit Card,Delivered
ORD-01857,CUST-00395,PROD-0021,2025-12-14,2,38.00,Credit Card,Cancelled
ORD-01858,CUST-00218,PROD-0008,2025-12-14,1,94.99,PayPal,Refunded
ORD-01859,CUST-00174,PROD-0017,2025-12-14,1,55.00,Debit Card,Delivered
ORD-01860,CUST-00072,PROD-0048,2025-12-14,2,9.49,Debit Card,Delivered
ORD-01861,CUST-00124,PROD-0040,2025-12-15,3,27.50,Credit Card,Cancelled
ORD-01862,CUST-00379,PROD-0030,2025-12-15,1,27.99,Credit Card,Delivered
ORD-01863,CUST-00087,PROD-0037,2025-12-15,1,-16.99,PayPal,Delivered
ORD-01864,CUST-00356,PROD-0044,2025-12-15,1,42.00,Debit Card,Delivered
ORD-01865,CUST-00187,PROD-0041,2025-12-15,1,12.99,Debit Card,Delivered
ORD-01866,CUST-00179,PROD-0038,2025-12-16,1,34.99,Apple Pay,Delivered
ORD-01867,CUST-00351,PROD-0045,2025-12-16,1,13.99,PayPal,Returned
ORD-01868,CUST-00165,PROD-0020,2025-12-16,1,89.00,Credit Card,Delivered
ORD-01869,CUST-00014,PROD-0038,2025-12-16,1,34.99,PayPal,Delivered
ORD-01870,CUST-00379,PROD-0040,2025-12-16,1,27.50,Credit Card,Delivered
ORD-01871,CUST-00238,PROD-0045,2025-12-16,1,13.99,Credit Card,Delivered
ORD-01872,CUST-00078,PROD-0026,2025-12-16,4,74.99,Debit Card,Delivered
ORD-01873,CUST-00369,PROD-0006,2025-12-16,1,14.99,Credit Card,Delivered
ORD-01874,CUST-00102,PROD-0028,2025-12-16,1,9.99,Credit Card,Delivered
ORD-01875,CUST-00209,PROD-0041,2025-12-16,1,12.99,Debit Card,Delivered
ORD-01876,CUST-00326,PROD-0046,2025-12-16,1,17.99,Apple Pay,Delivered
ORD-01877,CUST-00287,PROD-0002,2025-12-16,1,24.99,Debit Card,Delivered
ORD-01878,CUST-00138,PROD-0006,2025-12-17,1,14.99,PayPal,Delivered
ORD-01879,CUST-00390,PROD-0024,2025-12-17,3,19.99,paypal,Delivered
ORD-01880,CUST-00101,PROD-0009,2025-12-17,1,32.50,Debit Card,Delivered
ORD-01881,CUST-00083,PROD-0002,2025-12-17,4,24.99,Apple Pay,Cancelled
ORD-01882,CUST-00043,PROD-0046,2025-12-17,1,17.99,Klarna,Delivered
ORD-01883,CUST-00242,PROD-0040,2025-12-17,3,27.50,Debit Card,Delivered
ORD-01884,CUST-00160,PROD-0008,2025-12-17,1,94.99,PayPal,Delivered
ORD-01885,CUST-00088,PROD-0032,2025-12-17,2,14.99,Debit Card,Delivered
ORD-01886,CUST-00155,PROD-0048,2025-12-17,1,9.49,Klarna,Cancelled
ORD-01887,CUST-00326,PROD-0046,2025-12-18,1,17.99,Apple Pay,Delivered
ORD-01888,CUST-00146,PROD-0017,2025-12-18,1,55.00,Credit Card,Processing
ORD-01889,CUST-00149,PROD-0048,2025-12-18,1,9.49,Credit Card,Processing
ORD-01890,CUST-00161,PROD-0024,2025-12-18,3,19.99,Apple Pay,Processing
ORD-01891,CUST-00374,PROD-0021,2025-12-18,1,38.00,Debit Card,Shipped
ORD-01892,CUST-00265,PROD-0017,18-12-2025,1,55.00,Debit Card,Shipped
ORD-01893,CUST-00326,PROD-0040,2025-12-18,,27.50,Debit Card,Shipped
ORD-01894,CUST-00019,PROD-0046,2025-12-18,4,17.99,Credit Card,Shipped
ORD-01895,CUST-00278,PROD-0006,2025-12-18,2,14.99,Credit Card,Processing
ORD-01896,CUST-00244,PROD-0046,2025-12-18,4,17.99,PayPal,Processing
ORD-01897,CUST-00165,PROD-0043,2025-12-19,1,34.99,Debit Card,Processing
ORD-01898,CUST-00163,PROD-0002,2025-12-19,2,24.99,,Processing
ORD-01899,CUST-00434,PROD-0026,2025-12-19,2,74.99,PayPal,Shipped
ORD-01900,CUST-00307,PROD-0017,2025-12-19,5,55.00,Klarna,Shipped
ORD-01901,CUST-00240,PROD-0007,2025-12-19,4,89.99,Debit Card,Shipped
ORD-01902,CUST-00389,PROD-0032,2025-12-19,1,14.99,PayPal,Shipped
ORD-01903,CUST-00486,PROD-0009,2025-12-19,2,32.50,Apple Pay,Pending
ORD-01904,CUST-00389,PROD-0026,2025-12-19,1,74.99,Credit Card,Processing
ORD-00267,CUST-00341,PROD-0008,2025-03-12,1,94.99,Credit Card,Delivered
ORD-01905,CUST-00006,PROD-0004,2025-12-19,1,44.99,PayPal,Delivered
ORD-01906,CUST-00061,PROD-0038,2025-12-20,2,34.99,Credit Card,Shipped
ORD-01907,CUST-00298,PROD-0050,2025-12-20,1,21.00,PayPal,Processing
ORD-01908,CUST-00468,PROD-0006,2025-12-20,1,14.99,Credit Card,Shipped
ORD-01909,CUST-00472,PROD-0002,2025-12-20,1,24.99,Debit Card,Processing
ORD-01910,CUST-00202,PROD-0046,2025-12-20,1,17.99,Credit Card,Shipped
ORD-01911,CUST-00374,PROD-0029,2025-12-20,1,13.49,PayPal,Dispatched
ORD-01912,CUST-00416,PROD-0006,2025-12-20,2,14.99,Apple Pay,Shipped
ORD-01913,CUST-00395,PROD-0049,2025-12-20,2,29.99,Klarna,Shipped
ORD-01914,CUST-00472,PROD-0041,2025-12-20,4,12.99,PayPal,Delivered
ORD-01915,CUST-00379,PROD-0029,2025-12-21,2,13.49,Credit Card,Shipped
ORD-01916,CUST-00243,PROD-0029,2025-12-21,1,13.49,Credit Card,Processing
ORD-01917,CUST-00146,PROD-0004,2025-12-21,2,44.99,PayPal,Pending
ORD-01918,CUST-00383,PROD-0046,2025-12-21,1,17.99,Credit Card,Shipped
ORD-01919,CUST-00085,PROD-0012,2025-12-21,1,15.99,PayPal,Processing
ORD-01920,CUST-00245,PROD-0046,2025-12-21,3,17.99,Debit Card,Shipped
ORD-01921,CUST-00450,PROD-0038,2025-12-21,1,34.99,Credit Card,Shipped
ORD-01922,CUST-00134,PROD-0028,2025-12-21,2,9.99,Credit Card,Pending
ORD-01923,CUST-00468,PROD-0003,2025-12-21,1,39.99,PayPal,Shipped
ORD-01924,CUST-00357,PROD-0017,2025-12-21,1,55.00,Apple Pay,Processing
ORD-01925,CUST-00209,PROD-0034,2025-12-21,-1,29.99,PayPal,Processing
ORD-01926,CUST-00474,PROD-0017,2025-12-21,1,55.00,Apple Pay,Delivered
ORD-01927,CUST-00482,PROD-0046,2025-12-21,1,17.99,Debit Card,Processing
ORD-01928,CUST-00132,PROD-0047,2025-12-21,1,23.99,Credit Card,Delivered
ORD-01929,CUST-00087,PROD-0037,2025-12-21,3,16.99,Credit Card,Shipped
ORD-01930,CUST-00454,PROD-0035,2025-12-22,2,18.99,Credit Card,Processing
ORD-01931,CUST-00069,PROD-0027,2025-12-22,5,99.00,PayPal,Pending
ORD-01932,CUST-00477,PROD-0046,2025-12-22,2,17.99,Credit Card,Processing
ORD-01933,CUST-00287,PROD-0048,2025-12-22,1,9.49,Credit Card,Shipped
ORD-01934,CUST-00183,PROD-0004,2025-12-23,1,44.99,Debit Card,Shipped
ORD-01935,CUST-00451,PROD-0022,2025-12-23,2,12.99,Credit Card,Processing
ORD-01936,CUST-00214,PROD-0026,2025-12-23,1,74.99,Debit Card,Processing
ORD-01937,CUST-00040,PROD-0049,2025-12-23,1,29.99,Credit Card,Shipped
ORD-01938,CUST-00322,PROD-0041,2025-12-24,1,12.99,Klarna,Processing
ORD-01939,CUST-00205,PROD-0009,2025-12-24,1,32.50,Klarna,Delivered
ORD-01940,CUST-00312,PROD-0004,2025-12-24,1,44.99,Apple Pay,Pending
ORD-01941,CUST-00151,PROD-0038,2025-12-24,2,34.99,Apple Pay,Shipped
ORD-01942,CUST-00023,PROD-0002,2025-12-24,1,24.99,Credit Card,Processing
ORD-01943,CUST-00062,PROD-0026,2025-12-24,1,74.99,Credit Card,Processing
ORD-01944,CUST-00440,PROD-0046,2025-12-24,1,17.99,Apple Pay,Processing
ORD-01945,CUST-00487,PROD-0017,2025-12-24,1,55.00,Debit Card,Shipped
ORD-01946,CUST-00470,PROD-0015,2025-12-24,1,84.99,Debit Card,Processing
ORD-01947,CUST-00162,PROD-0046,2025-12-24,1,17.99,Debit Card,Processing
ORD-01948,CUST-00161,PROD-0031,2025-12-24,1,8.99,Klarna,Processing
ORD-01949,CUST-00390,PROD-0024,2025-12-25,2,19.99,Credit Card,Pending
ORD-01950,CUST-00326,PROD-0038,2025-12-25,1,34.99,PayPal,Delivered
ORD-01951,CUST-00493,PROD-0033,2025-12-25,1,24.00,Credit Card,Shipped
ORD-01952,CUST-00300,PROD-0014,2025-12-25,1,179.00,Debit Card,Shipped
ORD-01953,CUST-00458,PROD-0007,2025-12-26,2,89.99,Credit Card,Processing
ORD-01954,CUST-00326,PROD-0002,2025-12-26,3,24.99,PayPal,Delivered
ORD-01955,CUST-00253,PROD-0013,2025-12-26,1,18.50,Apple Pay,Delivered
ORD-01956,CUST-00357,PROD-0017,2025-12-26,2,55.00,Debit Card,Shipped
ORD-01957,CUST-00051,PROD-0015,2025-12-26,5,84.99,Gift Card,Pending
ORD-01958,CUST-00161,PROD-0021,2025-12-26,2,38.00,Debit Card,Shipped
ORD-01959,CUST-00313,PROD-0040,2025-12-27,1,27.50,PayPal,Delivered
ORD-01960,CUST-00180,PROD-0049,2025-12-27,2,29.99,Credit Card,Shipped
ORD-01961,CUST-00071,PROD-0036,2025-12-27,1,11.50,Debit Card,Pending
ORD-01962,CUST-00090,PROD-0040,2025-12-27,1,27.50,Credit Card,Pending
ORD-01963,CUST-00028,PROD-0029,2025-12-27,3,13.49,Credit Card,Pending
ORD-01964,CUST-00444,PROD-0040,2025-12-27,1,27.50,Debit Card,Processing
ORD-01965,CUST-00117,PROD-0017,2025-12-27,4,55.00,Credit Card,Processing
ORD-01966,CUST-00404,PROD-0030,2025-12-27,1,27.99,paypal,Pending
ORD-01967,CUST-00285,PROD-0028,2025-12-27,3,9.99,Credit Card,Processing
ORD-01968,CUST-00383,PROD-0042,27/12/2025,2,26.99,Klarna,Shipped
ORD-01969,CUST-00406,PROD-0048,2025-12-28,1,9.49,PayPal,Processing
ORD-01970,CUST-00274,PROD-0007,2025-12-28,1,89.99,Apple Pay,Shipped
ORD-01971,CUST-00186,PROD-0004,2025-12-28,1,44.99,Credit Card,Pending
ORD-01972,CUST-00491,PROD-0046,2025-12-28,1,17.99,Debit Card,Delivered
ORD-01973,CUST-00083,PROD-0005,2025-12-28,4,129.00,Credit Card,Pending
ORD-01974,CUST-00395,PROD-0040,2025-12-28,2,27.50,Klarna,Shipped
ORD-01975,CUST-00063,PROD-0002,2025-12-28,1,24.99,Credit Card,Shipped
ORD-01976,CUST-00326,PROD-0009,2025-12-29,1,32.50,Debit Card,Processing
ORD-01977,CUST-00127,PROD-0028,2025-12-29,1,9.99,Klarna,Shipped
ORD-01978,CUST-00431,PROD-0023,2025-12-29,3,19.50,Apple Pay,Shipped
ORD-01979,CUST-00219,PROD-0040,2025-12-29,3,27.50,Klarna,Pending
ORD-01980,CUST-00020,PROD-0007,2025-12-29,1,89.99,Apple Pay,Processing
ORD-01981,CUST-00479,PROD-0046,2025-12-29,4,17.99,Apple Pay,Shipped
ORD-01982,CUST-00426,PROD-0016,2025-12-29,1,21.99,PayPal,Pending
ORD-01983,CUST-00002,PROD-0014,29/12/2025,1,179.00,PayPal,Processing
ORD-01984,CUST-00053,PROD-0047,2025-12-29,2,23.99,Credit Card,Pending
ORD-01985,CUST-00234,PROD-0048,2025-12-29,1,9.49,Credit Card,Delivered
ORD-01986,CUST-00236,PROD-0009,2025-12-30,1,32.50,PayPal ,Pending
ORD-01987,CUST-00050,PROD-0048,2025-12-30,3,9.49,Debit Card,Pending
ORD-01988,CUST-00417,PROD-0019,2025-12-30,2,24.00,Credit Card,Processing
ORD-01989,CUST-00129,PROD-0017,2025-12-30,1,55.00,Gift Card,Shipped
ORD-01990,CUST-00151,PROD-0002,2025-12-30,1,24.99,Credit Card,Processing
ORD-01991,CUST-00221,PROD-0021,2025-12-30,1,38.00,Credit Card,Delivered
ORD-01992,CUST-00162,PROD-0040,2025-12-30,1,27.50,credit card,Shipped
ORD-01993,CUST-00188,PROD-0007,2025-12-30,1,89.99,Klarna,Pending
ORD-01994,CUST-00460,PROD-0008,2025-12-30,1,94.99,Credit Card,Pending
ORD-01995,CUST-00101,PROD-0048,30/12/2025,2,9.49,PayPal,Processing
ORD-01996,CUST-00234,PROD-0017,2025-12-30,3,55.00,Credit Card,Shipped
ORD-01997,CUST-00209,PROD-0041,2025-12-31,1,12.99,Debit Card,Processing
ORD-01998,CUST-00366,PROD-0041,2025-12-31,1,12.99,Credit Card,Shipped
ORD-01999,CUST-00400,PROD-0043,2025-12-31,1,34.99,PayPal,Processing
ORD-02000,CUST-00366,PROD-0023,2025-12-31,3,19.50,Apple Pay,Pending
